TimePassed         ,Percentage
0.05962705612182617,0.000000000 %
0.06278491020202637,0.052083333 %
0.06585907936096191,0.104166667 %
0.06888294219970703,0.156250000 %
0.0716867446899414 ,0.208333333 %
0.07433009147644043,0.260416667 %
0.07706904411315918,0.312500000 %
0.07979202270507812,0.364583333 %
0.0825510025024414 ,0.416666667 %
0.08567190170288086,0.468750000 %
0.08861517906188965,0.520833333 %
0.0912938117980957 ,0.572916667 %
0.09423089027404785,0.625000000 %
0.0971078872680664 ,0.677083333 %
0.10072493553161621,0.729166667 %
0.1037590503692627 ,0.781250000 %
0.10675811767578125,0.833333333 %
0.11029601097106934,0.885416667 %
0.1143798828125    ,0.937500000 %
0.1186070442199707 ,0.989583333 %
0.12293601036071777,1.041666667 %
0.12755084037780762,1.093750000 %
0.1318221092224121 ,1.145833333 %
0.1358330249786377 ,1.197916667 %
0.13990402221679688,1.250000000 %
0.14332318305969238,1.302083333 %
0.14718985557556152,1.354166667 %
0.15142083168029785,1.406250000 %
0.15512490272521973,1.458333333 %
0.15918779373168945,1.510416667 %
0.16388988494873047,1.562500000 %
0.16934704780578613,1.614583333 %
0.1751079559326172 ,1.666666667 %
0.18019914627075195,1.718750000 %
0.186553955078125  ,1.770833333 %
0.19267988204956055,1.822916667 %
0.19957494735717773,1.875000000 %
0.2065567970275879 ,1.927083333 %
0.213731050491333  ,1.979166667 %
0.22166013717651367,2.031250000 %
0.22890114784240723,2.083333333 %
0.23648786544799805,2.135416667 %
0.24379682540893555,2.187500000 %
0.25102996826171875,2.239583333 %
0.25800013542175293,2.291666667 %
0.2657771110534668 ,2.343750000 %
0.2730700969696045 ,2.395833333 %
0.2790389060974121 ,2.447916667 %
0.28657984733581543,2.500000000 %
0.2942979335784912 ,2.552083333 %
0.3022470474243164 ,2.604166667 %
0.3090798854827881 ,2.656250000 %
0.3146350383758545 ,2.708333333 %
0.32079195976257324,2.760416667 %
0.3264949321746826 ,2.812500000 %
0.3330070972442627 ,2.864583333 %
0.33989500999450684,2.916666667 %
0.3471369743347168 ,2.968750000 %
0.35399293899536133,3.020833333 %
0.36062002182006836,3.072916667 %
0.36775803565979004,3.125000000 %
0.3754737377166748 ,3.177083333 %
0.38356494903564453,3.229166667 %
0.3923828601837158 ,3.281250000 %
0.40090203285217285,3.333333333 %
0.4100489616394043 ,3.385416667 %
0.41932201385498047,3.437500000 %
0.428372859954834  ,3.489583333 %
0.43755316734313965,3.541666667 %
0.4469449520111084 ,3.593750000 %
0.4570889472961426 ,3.645833333 %
0.46727895736694336,3.697916667 %
0.47742676734924316,3.750000000 %
0.48781299591064453,3.802083333 %
0.4995250701904297 ,3.854166667 %
0.5091598033905029 ,3.906250000 %
0.5198240280151367 ,3.958333333 %
0.5304269790649414 ,4.010416667 %
0.5414009094238281 ,4.062500000 %
0.552293062210083  ,4.114583333 %
0.5619509220123291 ,4.166666667 %
0.5731649398803711 ,4.218750000 %
0.5846199989318848 ,4.270833333 %
0.595923900604248  ,4.322916667 %
0.6076688766479492 ,4.375000000 %
0.6204421520233154 ,4.427083333 %
0.6328239440917969 ,4.479166667 %
0.6462039947509766 ,4.531250000 %
0.6598620414733887 ,4.583333333 %
0.6731300354003906 ,4.635416667 %
0.6870489120483398 ,4.687500000 %
0.702038049697876  ,4.739583333 %
0.7160811424255371 ,4.791666667 %
0.7306768894195557 ,4.843750000 %
0.7453417778015137 ,4.895833333 %
0.761389970779419  ,4.947916667 %
0.7757909297943115 ,5.000000000 %
0.7904119491577148 ,5.052083333 %
0.8047759532928467 ,5.104166667 %
0.8188951015472412 ,5.156250000 %
0.8335568904876709 ,5.208333333 %
0.8486950397491455 ,5.260416667 %
0.8635990619659424 ,5.312500000 %
0.8803608417510986 ,5.364583333 %
0.8964979648590088 ,5.416666667 %
0.9132399559020996 ,5.468750000 %
0.9301350116729736 ,5.520833333 %
0.9479210376739502 ,5.572916667 %
0.96514892578125   ,5.625000000 %
0.9825031757354736 ,5.677083333 %
0.9983642101287842 ,5.729166667 %
1.0149040222167969 ,5.781250000 %
1.0313520431518555 ,5.833333333 %
1.0475308895111084 ,5.885416667 %
1.062864065170288  ,5.937500000 %
1.0785770416259766 ,5.989583333 %
1.0944170951843262 ,6.041666667 %
1.1096198558807373 ,6.093750000 %
1.1245501041412354 ,6.145833333 %
1.1394081115722656 ,6.197916667 %
1.1531739234924316 ,6.250000000 %
1.1662099361419678 ,6.302083333 %
1.1809909343719482 ,6.354166667 %
1.1961309909820557 ,6.406250000 %
1.2106621265411377 ,6.458333333 %
1.225950002670288  ,6.510416667 %
1.23878812789917   ,6.562500000 %
1.2518949508666992 ,6.614583333 %
1.264941930770874  ,6.666666667 %
1.2785189151763916 ,6.718750000 %
1.2914600372314453 ,6.770833333 %
1.304715871810913  ,6.822916667 %
1.3182408809661865 ,6.875000000 %
1.3332469463348389 ,6.927083333 %
1.3486368656158447 ,6.979166667 %
1.3643040657043457 ,7.031250000 %
1.381894826889038  ,7.083333333 %
1.3980400562286377 ,7.135416667 %
1.4145278930664062 ,7.187500000 %
1.4299471378326416 ,7.239583333 %
1.4444971084594727 ,7.291666667 %
1.4588861465454102 ,7.343750000 %
1.4723267555236816 ,7.395833333 %
1.4850859642028809 ,7.447916667 %
1.4978628158569336 ,7.500000000 %
1.5108730792999268 ,7.552083333 %
1.5240318775177002 ,7.604166667 %
1.5363261699676514 ,7.656250000 %
1.54892897605896   ,7.708333333 %
1.561743974685669  ,7.760416667 %
1.5759851932525635 ,7.812500000 %
1.5899791717529297 ,7.864583333 %
1.6056609153747559 ,7.916666667 %
1.6194980144500732 ,7.968750000 %
1.6337730884552002 ,8.020833333 %
1.648202896118164  ,8.072916667 %
1.6621391773223877 ,8.125000000 %
1.6766068935394287 ,8.177083333 %
1.6925580501556396 ,8.229166667 %
1.7104108333587646 ,8.281250000 %
1.7296669483184814 ,8.333333333 %
1.7493338584899902 ,8.385416667 %
1.7691209316253662 ,8.437500000 %
1.7885968685150146 ,8.489583333 %
1.8068530559539795 ,8.541666667 %
1.825078010559082  ,8.593750000 %
1.8433830738067627 ,8.645833333 %
1.8610889911651611 ,8.697916667 %
1.8779828548431396 ,8.750000000 %
1.8954989910125732 ,8.802083333 %
1.9115891456604004 ,8.854166667 %
1.9285340309143066 ,8.906250000 %
1.9467167854309082 ,8.958333333 %
1.9640159606933594 ,9.010416667 %
1.9832868576049805 ,9.062500000 %
2.0030460357666016 ,9.114583333 %
2.0211009979248047 ,9.166666667 %
2.0393779277801514 ,9.218750000 %
2.058199882507324  ,9.270833333 %
2.077277898788452  ,9.322916667 %
2.0958609580993652 ,9.375000000 %
2.1145849227905273 ,9.427083333 %
2.1332547664642334 ,9.479166667 %
2.1529479026794434 ,9.531250000 %
2.1718709468841553 ,9.583333333 %
2.1933648586273193 ,9.635416667 %
2.214721918106079  ,9.687500000 %
2.2350399494171143 ,9.739583333 %
2.2561469078063965 ,9.791666667 %
2.2765297889709473 ,9.843750000 %
2.295098066329956  ,9.895833333 %
2.3131608963012695 ,9.947916667 %
2.3304498195648193 ,10.000000000 %
2.348958969116211  ,10.052083333 %
2.366821050643921  ,10.104166667 %
2.38441801071167   ,10.156250000 %
2.401820182800293  ,10.208333333 %
2.4171791076660156 ,10.260416667 %
2.4340851306915283 ,10.312500000 %
2.4520812034606934 ,10.364583333 %
2.469451904296875  ,10.416666667 %
2.486771821975708  ,10.468750000 %
2.504423141479492  ,10.520833333 %
2.523005962371826  ,10.572916667 %
2.541184902191162  ,10.625000000 %
2.5585079193115234 ,10.677083333 %
2.5763559341430664 ,10.729166667 %
2.5947911739349365 ,10.781250000 %
2.615313768386841  ,10.833333333 %
2.6366989612579346 ,10.885416667 %
2.6593329906463623 ,10.937500000 %
2.681493043899536  ,10.989583333 %
2.705083131790161  ,11.041666667 %
2.7280380725860596 ,11.093750000 %
2.751283884048462  ,11.145833333 %
2.7742769718170166 ,11.197916667 %
2.797645092010498  ,11.250000000 %
2.8231430053710938 ,11.302083333 %
2.847996950149536  ,11.354166667 %
2.873544931411743  ,11.406250000 %
2.8989880084991455 ,11.458333333 %
2.9247028827667236 ,11.510416667 %
2.9503989219665527 ,11.562500000 %
2.979794979095459  ,11.614583333 %
3.007589101791382  ,11.666666667 %
3.034893035888672  ,11.718750000 %
3.061948776245117  ,11.770833333 %
3.0896189212799072 ,11.822916667 %
3.117438793182373  ,11.875000000 %
3.145045042037964  ,11.927083333 %
3.1742749214172363 ,11.979166667 %
3.203248977661133  ,12.031250000 %
3.2331008911132812 ,12.083333333 %
3.2623190879821777 ,12.135416667 %
3.2918589115142822 ,12.187500000 %
3.321621894836426  ,12.239583333 %
3.352368116378784  ,12.291666667 %
3.3827178478240967 ,12.343750000 %
3.4144089221954346 ,12.395833333 %
3.446364164352417  ,12.447916667 %
3.4808549880981445 ,12.500000000 %
3.5142571926116943 ,12.552083333 %
3.5464470386505127 ,12.604166667 %
3.579495906829834  ,12.656250000 %
3.611483097076416  ,12.708333333 %
3.6441919803619385 ,12.760416667 %
3.677685022354126  ,12.812500000 %
3.7107958793640137 ,12.864583333 %
3.7428579330444336 ,12.916666667 %
3.7740650177001953 ,12.968750000 %
3.8048110008239746 ,13.020833333 %
3.8340320587158203 ,13.072916667 %
3.8641889095306396 ,13.125000000 %
3.894818067550659  ,13.177083333 %
3.925928831100464  ,13.229166667 %
3.9572789669036865 ,13.281250000 %
3.9879400730133057 ,13.333333333 %
4.016991853713989  ,13.385416667 %
4.045222997665405  ,13.437500000 %
4.074265003204346  ,13.489583333 %
4.103541851043701  ,13.541666667 %
4.133521795272827  ,13.593750000 %
4.164039850234985  ,13.645833333 %
4.1955649852752686 ,13.697916667 %
4.224867105484009  ,13.750000000 %
4.254637002944946  ,13.802083333 %
4.2837748527526855 ,13.854166667 %
4.313952922821045  ,13.906250000 %
4.3454859256744385 ,13.958333333 %
4.376219987869263  ,14.010416667 %
4.405828952789307  ,14.062500000 %
4.435081958770752  ,14.114583333 %
4.464915990829468  ,14.166666667 %
4.494082927703857  ,14.218750000 %
4.524444103240967  ,14.270833333 %
4.554737091064453  ,14.322916667 %
4.583883047103882  ,14.375000000 %
4.614131927490234  ,14.427083333 %
4.643911838531494  ,14.479166667 %
4.673053979873657  ,14.531250000 %
4.701512813568115  ,14.583333333 %
4.730310916900635  ,14.635416667 %
4.760576009750366  ,14.687500000 %
4.791014194488525  ,14.739583333 %
4.8218748569488525 ,14.791666667 %
4.851655960083008  ,14.843750000 %
4.8833909034729    ,14.895833333 %
4.914208889007568  ,14.947916667 %
4.944890022277832  ,15.000000000 %
4.978396892547607  ,15.052083333 %
5.010378837585449  ,15.104166667 %
5.0415778160095215 ,15.156250000 %
5.070973873138428  ,15.208333333 %
5.102033853530884  ,15.260416667 %
5.132946968078613  ,15.312500000 %
5.164021015167236  ,15.364583333 %
5.19464111328125   ,15.416666667 %
5.225507020950317  ,15.468750000 %
5.255917072296143  ,15.520833333 %
5.286349058151245  ,15.572916667 %
5.3187267780303955 ,15.625000000 %
5.351288080215454  ,15.677083333 %
5.384213924407959  ,15.729166667 %
5.416937828063965  ,15.781250000 %
5.452071905136108  ,15.833333333 %
5.4878990650177    ,15.885416667 %
5.52408504486084   ,15.937500000 %
5.560274839401245  ,15.989583333 %
5.596530914306641  ,16.041666667 %
5.633179187774658  ,16.093750000 %
5.6701271533966064 ,16.145833333 %
5.706573009490967  ,16.197916667 %
5.740722894668579  ,16.250000000 %
5.7768518924713135 ,16.302083333 %
5.81433892250061   ,16.354166667 %
5.8514931201934814 ,16.406250000 %
5.889569044113159  ,16.458333333 %
5.926088809967041  ,16.510416667 %
5.9618940353393555 ,16.562500000 %
5.999830961227417  ,16.614583333 %
6.037838935852051  ,16.666666667 %
6.073754072189331  ,16.718750000 %
6.10982084274292   ,16.770833333 %
6.1462907791137695 ,16.822916667 %
6.182003974914551  ,16.875000000 %
6.21868896484375   ,16.927083333 %
6.254962921142578  ,16.979166667 %
6.29063081741333   ,17.031250000 %
6.3257668018341064 ,17.083333333 %
6.360943078994751  ,17.135416667 %
6.393978118896484  ,17.187500000 %
6.425274133682251  ,17.239583333 %
6.456338882446289  ,17.291666667 %
6.489201068878174  ,17.343750000 %
6.521111965179443  ,17.395833333 %
6.553819179534912  ,17.447916667 %
6.585369110107422  ,17.500000000 %
6.6159069538116455 ,17.552083333 %
6.649656057357788  ,17.604166667 %
6.682626008987427  ,17.656250000 %
6.717555999755859  ,17.708333333 %
6.753233909606934  ,17.760416667 %
6.788650989532471  ,17.812500000 %
6.824513912200928  ,17.864583333 %
6.862544059753418  ,17.916666667 %
6.900966167449951  ,17.968750000 %
6.937748908996582  ,18.020833333 %
6.978142976760864  ,18.072916667 %
7.0183069705963135 ,18.125000000 %
7.057902097702026  ,18.177083333 %
7.097286939620972  ,18.229166667 %
7.135013103485107  ,18.281250000 %
7.1741979122161865 ,18.333333333 %
7.214317083358765  ,18.385416667 %
7.25309419631958   ,18.437500000 %
7.292432069778442  ,18.489583333 %
7.331729888916016  ,18.541666667 %
7.3716888427734375 ,18.593750000 %
7.41230583190918   ,18.645833333 %
7.454596996307373  ,18.697916667 %
7.495131015777588  ,18.750000000 %
7.5342698097229    ,18.802083333 %
7.57250714302063   ,18.854166667 %
7.610883951187134  ,18.906250000 %
7.650957107543945  ,18.958333333 %
7.690963983535767  ,19.010416667 %
7.727837800979614  ,19.062500000 %
7.761744976043701  ,19.114583333 %
7.796529054641724  ,19.166666667 %
7.831762790679932  ,19.218750000 %
7.867524147033691  ,19.270833333 %
7.90139102935791   ,19.322916667 %
7.933300971984863  ,19.375000000 %
7.965312957763672  ,19.427083333 %
7.998321771621704  ,19.479166667 %
8.030141830444336  ,19.531250000 %
8.062701940536499  ,19.583333333 %
8.097856044769287  ,19.635416667 %
8.131160020828247  ,19.687500000 %
8.16498613357544   ,19.739583333 %
8.19983196258545   ,19.791666667 %
8.23612093925476   ,19.843750000 %
8.271350860595703  ,19.895833333 %
8.307547092437744  ,19.947916667 %
8.342694997787476  ,20.000000000 %
8.377794027328491  ,20.052083333 %
8.413809061050415  ,20.104166667 %
8.450582027435303  ,20.156250000 %
8.488329887390137  ,20.208333333 %
8.525244951248169  ,20.260416667 %
8.562673091888428  ,20.312500000 %
8.60135293006897   ,20.364583333 %
8.641388893127441  ,20.416666667 %
8.68093991279602   ,20.468750000 %
8.719399213790894  ,20.520833333 %
8.757547855377197  ,20.572916667 %
8.796890020370483  ,20.625000000 %
8.834378004074097  ,20.677083333 %
8.871623754501343  ,20.729166667 %
8.907642126083374  ,20.781250000 %
8.94500994682312   ,20.833333333 %
8.983443975448608  ,20.885416667 %
9.021006107330322  ,20.937500000 %
9.058782815933228  ,20.989583333 %
9.098313808441162  ,21.041666667 %
9.139270067214966  ,21.093750000 %
9.182044744491577  ,21.145833333 %
9.225223779678345  ,21.197916667 %
9.268114805221558  ,21.250000000 %
9.309361934661865  ,21.302083333 %
9.35271692276001   ,21.354166667 %
9.396944046020508  ,21.406250000 %
9.442566156387329  ,21.458333333 %
9.487733840942383  ,21.510416667 %
9.532571077346802  ,21.562500000 %
9.576256036758423  ,21.614583333 %
9.620166778564453  ,21.666666667 %
9.66672396659851   ,21.718750000 %
9.709542036056519  ,21.770833333 %
9.752104997634888  ,21.822916667 %
9.79104208946228   ,21.875000000 %
9.831290006637573  ,21.927083333 %
9.873079061508179  ,21.979166667 %
9.915710926055908  ,22.031250000 %
9.958608150482178  ,22.083333333 %
10.001555919647217 ,22.135416667 %
10.043308019638062 ,22.187500000 %
10.084820985794067 ,22.239583333 %
10.124831914901733 ,22.291666667 %
10.165035963058472 ,22.343750000 %
10.206002950668335 ,22.395833333 %
10.248037099838257 ,22.447916667 %
10.291697025299072 ,22.500000000 %
10.340049743652344 ,22.552083333 %
10.38432002067566  ,22.604166667 %
10.427664041519165 ,22.656250000 %
10.472506999969482 ,22.708333333 %
10.518055200576782 ,22.760416667 %
10.564494132995605 ,22.812500000 %
10.608521938323975 ,22.864583333 %
10.65322995185852  ,22.916666667 %
10.69402289390564  ,22.968750000 %
10.73514699935913  ,23.020833333 %
10.775569915771484 ,23.072916667 %
10.818017959594727 ,23.125000000 %
10.860279083251953 ,23.177083333 %
10.901445150375366 ,23.229166667 %
10.94173002243042  ,23.281250000 %
10.985061168670654 ,23.333333333 %
11.02914810180664  ,23.385416667 %
11.071626901626587 ,23.437500000 %
11.112218141555786 ,23.489583333 %
11.153705835342407 ,23.541666667 %
11.194911003112793 ,23.593750000 %
11.234904050827026 ,23.645833333 %
11.273754119873047 ,23.697916667 %
11.313102006912231 ,23.750000000 %
11.35133695602417  ,23.802083333 %
11.390856981277466 ,23.854166667 %
11.42927885055542  ,23.906250000 %
11.467792987823486 ,23.958333333 %
11.507222890853882 ,24.010416667 %
11.54456114768982  ,24.062500000 %
11.582772970199585 ,24.114583333 %
11.621155977249146 ,24.166666667 %
11.660828113555908 ,24.218750000 %
11.69999098777771  ,24.270833333 %
11.73910403251648  ,24.322916667 %
11.779145002365112 ,24.375000000 %
11.818225860595703 ,24.427083333 %
11.856701850891113 ,24.479166667 %
11.897258996963501 ,24.531250000 %
11.937134981155396 ,24.583333333 %
11.975616931915283 ,24.635416667 %
12.014091968536377 ,24.687500000 %
12.052730083465576 ,24.739583333 %
12.088567972183228 ,24.791666667 %
12.127243995666504 ,24.843750000 %
12.168017148971558 ,24.895833333 %
12.208081007003784 ,24.947916667 %
12.249798774719238 ,25.000000000 %
12.287340879440308 ,25.052083333 %
12.326359987258911 ,25.104166667 %
12.3683340549469   ,25.156250000 %
12.409146070480347 ,25.208333333 %
12.448531866073608 ,25.260416667 %
12.486885070800781 ,25.312500000 %
12.524476766586304 ,25.364583333 %
12.56246018409729  ,25.416666667 %
12.596100091934204 ,25.468750000 %
12.633500099182129 ,25.520833333 %
12.669944047927856 ,25.572916667 %
12.706704139709473 ,25.625000000 %
12.742871046066284 ,25.677083333 %
12.779844045639038 ,25.729166667 %
12.818711042404175 ,25.781250000 %
12.854763984680176 ,25.833333333 %
12.889591932296753 ,25.885416667 %
12.924433946609497 ,25.937500000 %
12.95648193359375  ,25.989583333 %
12.989016056060791 ,26.041666667 %
13.02205204963684  ,26.093750000 %
13.053925037384033 ,26.145833333 %
13.084347009658813 ,26.197916667 %
13.114854097366333 ,26.250000000 %
13.145369052886963 ,26.302083333 %
13.176544904708862 ,26.354166667 %
13.208656072616577 ,26.406250000 %
13.240882873535156 ,26.458333333 %
13.271527767181396 ,26.510416667 %
13.302083969116211 ,26.562500000 %
13.332658767700195 ,26.614583333 %
13.362977027893066 ,26.666666667 %
13.392261981964111 ,26.718750000 %
13.422170162200928 ,26.770833333 %
13.452689170837402 ,26.822916667 %
13.484034061431885 ,26.875000000 %
13.516031980514526 ,26.927083333 %
13.546213150024414 ,26.979166667 %
13.57546591758728  ,27.031250000 %
13.605334043502808 ,27.083333333 %
13.63702392578125  ,27.135416667 %
13.668472051620483 ,27.187500000 %
13.700340986251831 ,27.239583333 %
13.73125696182251  ,27.291666667 %
13.762999057769775 ,27.343750000 %
13.794473886489868 ,27.395833333 %
13.830011129379272 ,27.447916667 %
13.866539001464844 ,27.500000000 %
13.905300855636597 ,27.552083333 %
13.943272829055786 ,27.604166667 %
13.983825922012329 ,27.656250000 %
14.024799823760986 ,27.708333333 %
14.065478086471558 ,27.760416667 %
14.106214046478271 ,27.812500000 %
14.147653102874756 ,27.864583333 %
14.188825130462646 ,27.916666667 %
14.229277849197388 ,27.968750000 %
14.27143907546997  ,28.020833333 %
14.314944982528687 ,28.072916667 %
14.359807968139648 ,28.125000000 %
14.40321397781372  ,28.177083333 %
14.445855855941772 ,28.229166667 %
14.491581916809082 ,28.281250000 %
14.540060043334961 ,28.333333333 %
14.589401960372925 ,28.385416667 %
14.638781785964966 ,28.437500000 %
14.687256097793579 ,28.489583333 %
14.733932971954346 ,28.541666667 %
14.781691074371338 ,28.593750000 %
14.829608917236328 ,28.645833333 %
14.877534866333008 ,28.697916667 %
14.925048112869263 ,28.750000000 %
14.972047090530396 ,28.802083333 %
15.019421815872192 ,28.854166667 %
15.064627885818481 ,28.906250000 %
15.109862089157104 ,28.958333333 %
15.15463900566101  ,29.010416667 %
15.198332071304321 ,29.062500000 %
15.241910934448242 ,29.114583333 %
15.287086009979248 ,29.166666667 %
15.3331880569458   ,29.218750000 %
15.37795090675354  ,29.270833333 %
15.42549180984497  ,29.322916667 %
15.472612142562866 ,29.375000000 %
15.51919412612915  ,29.427083333 %
15.564395904541016 ,29.479166667 %
15.609983921051025 ,29.531250000 %
15.656239032745361 ,29.583333333 %
15.704742193222046 ,29.635416667 %
15.753516912460327 ,29.687500000 %
15.804714918136597 ,29.739583333 %
15.85367488861084  ,29.791666667 %
15.905330896377563 ,29.843750000 %
15.956707000732422 ,29.895833333 %
16.009145975112915 ,29.947916667 %
16.06054401397705  ,30.000000000 %
16.113587856292725 ,30.052083333 %
16.168636083602905 ,30.104166667 %
16.22328495979309  ,30.156250000 %
16.2760009765625   ,30.208333333 %
16.32890486717224  ,30.260416667 %
16.383557081222534 ,30.312500000 %
16.437747955322266 ,30.364583333 %
16.492398023605347 ,30.416666667 %
16.549376964569092 ,30.468750000 %
16.6052668094635   ,30.520833333 %
16.660583972930908 ,30.572916667 %
16.71318292617798  ,30.625000000 %
16.768156051635742 ,30.677083333 %
16.824023962020874 ,30.729166667 %
16.88067388534546  ,30.781250000 %
16.937846899032593 ,30.833333333 %
16.997457027435303 ,30.885416667 %
17.05561113357544  ,30.937500000 %
17.114187955856323 ,30.989583333 %
17.171454906463623 ,31.041666667 %
17.22844409942627  ,31.093750000 %
17.289926767349243 ,31.145833333 %
17.35188603401184  ,31.197916667 %
17.412902116775513 ,31.250000000 %
17.477958917617798 ,31.302083333 %
17.540956020355225 ,31.354166667 %
17.60221791267395  ,31.406250000 %
17.66141986846924  ,31.458333333 %
17.71979594230652  ,31.510416667 %
17.78031086921692  ,31.562500000 %
17.838207960128784 ,31.614583333 %
17.897692918777466 ,31.666666667 %
17.956345081329346 ,31.718750000 %
18.01484489440918  ,31.770833333 %
18.074387788772583 ,31.822916667 %
18.134882926940918 ,31.875000000 %
18.195961952209473 ,31.927083333 %
18.25576686859131  ,31.979166667 %
18.313981771469116 ,32.031250000 %
18.37225890159607  ,32.083333333 %
18.42957901954651  ,32.135416667 %
18.486006021499634 ,32.187500000 %
18.543497800827026 ,32.239583333 %
18.601356029510498 ,32.291666667 %
18.65820598602295  ,32.343750000 %
18.715004205703735 ,32.395833333 %
18.771898984909058 ,32.447916667 %
18.826276063919067 ,32.500000000 %
18.8795108795166   ,32.552083333 %
18.934705018997192 ,32.604166667 %
18.98897409439087  ,32.656250000 %
19.04233479499817  ,32.708333333 %
19.093663930892944 ,32.760416667 %
19.144793033599854 ,32.812500000 %
19.195991039276123 ,32.864583333 %
19.24790906906128  ,32.916666667 %
19.29889988899231  ,32.968750000 %
19.352553844451904 ,33.020833333 %
19.408376932144165 ,33.072916667 %
19.465441942214966 ,33.125000000 %
19.523931980133057 ,33.177083333 %
19.581799030303955 ,33.229166667 %
19.63514280319214  ,33.281250000 %
19.691335916519165 ,33.333333333 %
19.747859954833984 ,33.385416667 %
19.80638885498047  ,33.437500000 %
19.863900184631348 ,33.489583333 %
19.920158863067627 ,33.541666667 %
19.976057052612305 ,33.593750000 %
20.03427290916443  ,33.645833333 %
20.091737985610962 ,33.697916667 %
20.1513991355896   ,33.750000000 %
20.20992088317871  ,33.802083333 %
20.268204927444458 ,33.854166667 %
20.32786989212036  ,33.906250000 %
20.388742923736572 ,33.958333333 %
20.44683313369751  ,34.010416667 %
20.505207061767578 ,34.062500000 %
20.566197872161865 ,34.114583333 %
20.6243679523468   ,34.166666667 %
20.68212389945984  ,34.218750000 %
20.743417978286743 ,34.270833333 %
20.80826687812805  ,34.322916667 %
20.86899709701538  ,34.375000000 %
20.930860996246338 ,34.427083333 %
20.994632959365845 ,34.479166667 %
21.059489965438843 ,34.531250000 %
21.1228449344635   ,34.583333333 %
21.187166929244995 ,34.635416667 %
21.253286123275757 ,34.687500000 %
21.318219900131226 ,34.739583333 %
21.383249759674072 ,34.791666667 %
21.44615387916565  ,34.843750000 %
21.511307954788208 ,34.895833333 %
21.573779821395874 ,34.947916667 %
21.6366708278656   ,35.000000000 %
21.701873779296875 ,35.052083333 %
21.768721103668213 ,35.104166667 %
21.832216024398804 ,35.156250000 %
21.89537000656128  ,35.208333333 %
21.95930004119873  ,35.260416667 %
22.02511501312256  ,35.312500000 %
22.09123182296753  ,35.364583333 %
22.155839920043945 ,35.416666667 %
22.22106099128723  ,35.468750000 %
22.286875009536743 ,35.520833333 %
22.350024938583374 ,35.572916667 %
22.4128839969635   ,35.625000000 %
22.476178884506226 ,35.677083333 %
22.540223836898804 ,35.729166667 %
22.60511302947998  ,35.781250000 %
22.66913390159607  ,35.833333333 %
22.734556913375854 ,35.885416667 %
22.80139994621277  ,35.937500000 %
22.86706805229187  ,35.989583333 %
22.932490825653076 ,36.041666667 %
22.998319149017334 ,36.093750000 %
23.06617498397827  ,36.145833333 %
23.131697177886963 ,36.197916667 %
23.1963050365448   ,36.250000000 %
23.259528875350952 ,36.302083333 %
23.325338125228882 ,36.354166667 %
23.391456842422485 ,36.406250000 %
23.45467209815979  ,36.458333333 %
23.52138376235962  ,36.510416667 %
23.588775873184204 ,36.562500000 %
23.65464687347412  ,36.614583333 %
23.717790842056274 ,36.666666667 %
23.779306888580322 ,36.718750000 %
23.842766046524048 ,36.770833333 %
23.90632390975952  ,36.822916667 %
23.96825909614563  ,36.875000000 %
24.030974864959717 ,36.927083333 %
24.090674877166748 ,36.979166667 %
24.151273012161255 ,37.031250000 %
24.21059489250183  ,37.083333333 %
24.270491123199463 ,37.135416667 %
24.332040786743164 ,37.187500000 %
24.391320943832397 ,37.239583333 %
24.447605848312378 ,37.291666667 %
24.503302812576294 ,37.343750000 %
24.559551000595093 ,37.395833333 %
24.61513900756836  ,37.447916667 %
24.66951894760132  ,37.500000000 %
24.723324060440063 ,37.552083333 %
24.77818989753723  ,37.604166667 %
24.832404851913452 ,37.656250000 %
24.88689088821411  ,37.708333333 %
24.940505981445312 ,37.760416667 %
24.995637893676758 ,37.812500000 %
25.051382064819336 ,37.864583333 %
25.107297897338867 ,37.916666667 %
25.164456844329834 ,37.968750000 %
25.223275899887085 ,38.020833333 %
25.283276081085205 ,38.072916667 %
25.344202995300293 ,38.125000000 %
25.403116941452026 ,38.177083333 %
25.463865995407104 ,38.229166667 %
25.52471899986267  ,38.281250000 %
25.58596396446228  ,38.333333333 %
25.64561700820923  ,38.385416667 %
25.70394802093506  ,38.437500000 %
25.76169204711914  ,38.489583333 %
25.81810188293457  ,38.541666667 %
25.87551999092102  ,38.593750000 %
25.93148398399353  ,38.645833333 %
25.986965894699097 ,38.697916667 %
26.043433904647827 ,38.750000000 %
26.097940921783447 ,38.802083333 %
26.151795864105225 ,38.854166667 %
26.210304021835327 ,38.906250000 %
26.26629400253296  ,38.958333333 %
26.32174587249756  ,39.010416667 %
26.379951000213623 ,39.062500000 %
26.434590816497803 ,39.114583333 %
26.488325119018555 ,39.166666667 %
26.542822122573853 ,39.218750000 %
26.59900403022766  ,39.270833333 %
26.65182590484619  ,39.322916667 %
26.703399181365967 ,39.375000000 %
26.754321098327637 ,39.427083333 %
26.80557894706726  ,39.479166667 %
26.85713505744934  ,39.531250000 %
26.908809900283813 ,39.583333333 %
26.959484815597534 ,39.635416667 %
27.009543895721436 ,39.687500000 %
27.061517000198364 ,39.739583333 %
27.115746021270752 ,39.791666667 %
27.16726589202881  ,39.843750000 %
27.216668844223022 ,39.895833333 %
27.265594005584717 ,39.947916667 %
27.318981170654297 ,40.000000000 %
27.372732877731323 ,40.052083333 %
27.42545986175537  ,40.104166667 %
27.48053812980652  ,40.156250000 %
27.536653995513916 ,40.208333333 %
27.59180998802185  ,40.260416667 %
27.646476984024048 ,40.312500000 %
27.699875116348267 ,40.364583333 %
27.752426862716675 ,40.416666667 %
27.80475378036499  ,40.468750000 %
27.85582685470581  ,40.520833333 %
27.90807795524597  ,40.572916667 %
27.960311889648438 ,40.625000000 %
28.0141921043396   ,40.677083333 %
28.068487882614136 ,40.729166667 %
28.124513864517212 ,40.781250000 %
28.17842388153076  ,40.833333333 %
28.23313617706299  ,40.885416667 %
28.28500986099243  ,40.937500000 %
28.336843013763428 ,40.989583333 %
28.387624979019165 ,41.041666667 %
28.437063932418823 ,41.093750000 %
28.48660898208618  ,41.145833333 %
28.53585195541382  ,41.197916667 %
28.58533501625061  ,41.250000000 %
28.635040998458862 ,41.302083333 %
28.68251895904541  ,41.354166667 %
28.72777009010315  ,41.406250000 %
28.772796154022217 ,41.458333333 %
28.81959080696106  ,41.510416667 %
28.865807056427002 ,41.562500000 %
28.915637016296387 ,41.614583333 %
28.958672046661377 ,41.666666667 %
29.001477003097534 ,41.718750000 %
29.04310894012451  ,41.770833333 %
29.086259841918945 ,41.822916667 %
29.126971006393433 ,41.875000000 %
29.166741847991943 ,41.927083333 %
29.20528507232666  ,41.979166667 %
29.243492126464844 ,42.031250000 %
29.283370971679688 ,42.083333333 %
29.323803186416626 ,42.135416667 %
29.3657488822937   ,42.187500000 %
29.408734798431396 ,42.239583333 %
29.45249891281128  ,42.291666667 %
29.49860191345215  ,42.343750000 %
29.546126127243042 ,42.395833333 %
29.593886852264404 ,42.447916667 %
29.642218828201294 ,42.500000000 %
29.6908221244812   ,42.552083333 %
29.739246129989624 ,42.604166667 %
29.78847599029541  ,42.656250000 %
29.837941884994507 ,42.708333333 %
29.887792110443115 ,42.760416667 %
29.93853211402893  ,42.812500000 %
29.990522146224976 ,42.864583333 %
30.042577028274536 ,42.916666667 %
30.09534788131714  ,42.968750000 %
30.146410942077637 ,43.020833333 %
30.199980974197388 ,43.072916667 %
30.252943992614746 ,43.125000000 %
30.304415941238403 ,43.177083333 %
30.35701608657837  ,43.229166667 %
30.41095495223999  ,43.281250000 %
30.464404821395874 ,43.333333333 %
30.521715879440308 ,43.385416667 %
30.58498978614807  ,43.437500000 %
30.647671937942505 ,43.489583333 %
30.708718061447144 ,43.541666667 %
30.768937826156616 ,43.593750000 %
30.833024978637695 ,43.645833333 %
30.89585304260254  ,43.697916667 %
30.957762002944946 ,43.750000000 %
31.0232150554657   ,43.802083333 %
31.09166407585144  ,43.854166667 %
31.15786600112915  ,43.906250000 %
31.222972869873047 ,43.958333333 %
31.28750205039978  ,44.010416667 %
31.357717037200928 ,44.062500000 %
31.429271936416626 ,44.114583333 %
31.50273609161377  ,44.166666667 %
31.576871871948242 ,44.218750000 %
31.649965047836304 ,44.270833333 %
31.72209596633911  ,44.322916667 %
31.795254945755005 ,44.375000000 %
31.869423151016235 ,44.427083333 %
31.94486904144287  ,44.479166667 %
32.01970410346985  ,44.531250000 %
32.09537410736084  ,44.583333333 %
32.170397996902466 ,44.635416667 %
32.246875047683716 ,44.687500000 %
32.322932958602905 ,44.739583333 %
32.399348974227905 ,44.791666667 %
32.475831031799316 ,44.843750000 %
32.55347394943237  ,44.895833333 %
32.62956094741821  ,44.947916667 %
32.706695795059204 ,45.000000000 %
32.7861590385437   ,45.052083333 %
32.8656120300293   ,45.104166667 %
32.94661903381348  ,45.156250000 %
33.026201009750366 ,45.208333333 %
33.10465979576111  ,45.260416667 %
33.18460416793823  ,45.312500000 %
33.262964963912964 ,45.364583333 %
33.33966302871704  ,45.416666667 %
33.418421030044556 ,45.468750000 %
33.499062061309814 ,45.520833333 %
33.57817792892456  ,45.572916667 %
33.65518093109131  ,45.625000000 %
33.72980284690857  ,45.677083333 %
33.80401611328125  ,45.729166667 %
33.880791902542114 ,45.781250000 %
33.95445394515991  ,45.833333333 %
34.026994943618774 ,45.885416667 %
34.09961199760437  ,45.937500000 %
34.16899800300598  ,45.989583333 %
34.236273765563965 ,46.041666667 %
34.304956912994385 ,46.093750000 %
34.373597860336304 ,46.145833333 %
34.44191789627075  ,46.197916667 %
34.511305809020996 ,46.250000000 %
34.58273792266846  ,46.302083333 %
34.651723861694336 ,46.354166667 %
34.72294807434082  ,46.406250000 %
34.79416012763977  ,46.458333333 %
34.86898612976074  ,46.510416667 %
34.94274306297302  ,46.562500000 %
35.016175985336304 ,46.614583333 %
35.0924289226532   ,46.666666667 %
35.169195890426636 ,46.718750000 %
35.24930500984192  ,46.770833333 %
35.331804037094116 ,46.822916667 %
35.41729402542114  ,46.875000000 %
35.50110197067261  ,46.927083333 %
35.587629079818726 ,46.979166667 %
35.673404932022095 ,47.031250000 %
35.7631630897522   ,47.083333333 %
35.85044813156128  ,47.135416667 %
35.936468839645386 ,47.187500000 %
36.0244038105011   ,47.239583333 %
36.111809968948364 ,47.291666667 %
36.19663619995117  ,47.343750000 %
36.28396010398865  ,47.395833333 %
36.37136197090149  ,47.447916667 %
36.45739388465881  ,47.500000000 %
36.54410696029663  ,47.552083333 %
36.63226890563965  ,47.604166667 %
36.72223210334778  ,47.656250000 %
36.81261491775513  ,47.708333333 %
36.90089392662048  ,47.760416667 %
36.988564014434814 ,47.812500000 %
37.07685089111328  ,47.864583333 %
37.16326093673706  ,47.916666667 %
37.24676704406738  ,47.968750000 %
37.33363890647888  ,48.020833333 %
37.41735076904297  ,48.072916667 %
37.50322508811951  ,48.125000000 %
37.58921694755554  ,48.177083333 %
37.67334008216858  ,48.229166667 %
37.757956981658936 ,48.281250000 %
37.84199380874634  ,48.333333333 %
37.92702102661133  ,48.385416667 %
38.00713896751404  ,48.437500000 %
38.08858108520508  ,48.489583333 %
38.17242383956909  ,48.541666667 %
38.25779891014099  ,48.593750000 %
38.34195613861084  ,48.645833333 %
38.424160957336426 ,48.697916667 %
38.50653791427612  ,48.750000000 %
38.593466997146606 ,48.802083333 %
38.677345991134644 ,48.854166667 %
38.76129603385925  ,48.906250000 %
38.84543991088867  ,48.958333333 %
38.93123507499695  ,49.010416667 %
39.01208686828613  ,49.062500000 %
39.09574794769287  ,49.114583333 %
39.178483963012695 ,49.166666667 %
39.25973200798035  ,49.218750000 %
39.34660816192627  ,49.270833333 %
39.43323302268982  ,49.322916667 %
39.517378091812134 ,49.375000000 %
39.60354399681091  ,49.427083333 %
39.686036825180054 ,49.479166667 %
39.76707601547241  ,49.531250000 %
39.848978996276855 ,49.583333333 %
39.92691087722778  ,49.635416667 %
40.00285887718201  ,49.687500000 %
40.08004808425903  ,49.739583333 %
40.15831017494202  ,49.791666667 %
40.23922085762024  ,49.843750000 %
40.32431983947754  ,49.895833333 %
40.40800094604492  ,49.947916667 %
40.492594957351685 ,50.000000000 %
40.57856607437134  ,50.052083333 %
40.66250014305115  ,50.104166667 %
40.74520707130432  ,50.156250000 %
40.83081793785095  ,50.208333333 %
40.912521839141846 ,50.260416667 %
40.9899959564209   ,50.312500000 %
41.06977105140686  ,50.364583333 %
41.14563488960266  ,50.416666667 %
41.22385787963867  ,50.468750000 %
41.30565690994263  ,50.520833333 %
41.38758397102356  ,50.572916667 %
41.47013998031616  ,50.625000000 %
41.556487798690796 ,50.677083333 %
41.64367890357971  ,50.729166667 %
41.73037576675415  ,50.781250000 %
41.81823205947876  ,50.833333333 %
41.90032196044922  ,50.885416667 %
41.983906984329224 ,50.937500000 %
42.06634497642517  ,50.989583333 %
42.147345781326294 ,51.041666667 %
42.232069969177246 ,51.093750000 %
42.31634187698364  ,51.145833333 %
42.401309967041016 ,51.197916667 %
42.4844229221344   ,51.250000000 %
42.57120990753174  ,51.302083333 %
42.655802965164185 ,51.354166667 %
42.737691164016724 ,51.406250000 %
42.82099509239197  ,51.458333333 %
42.905887842178345 ,51.510416667 %
42.99093508720398  ,51.562500000 %
43.072453022003174 ,51.614583333 %
43.15268802642822  ,51.666666667 %
43.23416590690613  ,51.718750000 %
43.31916904449463  ,51.770833333 %
43.40529704093933  ,51.822916667 %
43.48906588554382  ,51.875000000 %
43.57555389404297  ,51.927083333 %
43.66105604171753  ,51.979166667 %
43.74422001838684  ,52.031250000 %
43.829177141189575 ,52.083333333 %
43.912172079086304 ,52.135416667 %
43.997511863708496 ,52.187500000 %
44.086865186691284 ,52.239583333 %
44.17390990257263  ,52.291666667 %
44.260103940963745 ,52.343750000 %
44.349445104599    ,52.395833333 %
44.440102100372314 ,52.447916667 %
44.526957988739014 ,52.500000000 %
44.61463189125061  ,52.552083333 %
44.701951026916504 ,52.604166667 %
44.78703308105469  ,52.656250000 %
44.87402582168579  ,52.708333333 %
44.95855188369751  ,52.760416667 %
45.044785022735596 ,52.812500000 %
45.132983922958374 ,52.864583333 %
45.224066972732544 ,52.916666667 %
45.3115508556366   ,52.968750000 %
45.40133094787598  ,53.020833333 %
45.48710012435913  ,53.072916667 %
45.572258949279785 ,53.125000000 %
45.656529903411865 ,53.177083333 %
45.741312980651855 ,53.229166667 %
45.823331117630005 ,53.281250000 %
45.90216016769409  ,53.333333333 %
45.979000091552734 ,53.385416667 %
46.05395197868347  ,53.437500000 %
46.12829780578613  ,53.489583333 %
46.201130867004395 ,53.541666667 %
46.27321791648865  ,53.593750000 %
46.34398889541626  ,53.645833333 %
46.41397285461426  ,53.697916667 %
46.48272395133972  ,53.750000000 %
46.55099582672119  ,53.802083333 %
46.622321128845215 ,53.854166667 %
46.69290590286255  ,53.906250000 %
46.760197162628174 ,53.958333333 %
46.831053018569946 ,54.010416667 %
46.898985862731934 ,54.062500000 %
46.968764781951904 ,54.114583333 %
47.04124593734741  ,54.166666667 %
47.11401891708374  ,54.218750000 %
47.187657833099365 ,54.270833333 %
47.263002157211304 ,54.322916667 %
47.336913108825684 ,54.375000000 %
47.41411900520325  ,54.427083333 %
47.48857378959656  ,54.479166667 %
47.56724500656128  ,54.531250000 %
47.6485869884491   ,54.583333333 %
47.72630286216736  ,54.635416667 %
47.80258893966675  ,54.687500000 %
47.880918979644775 ,54.739583333 %
47.96044111251831  ,54.791666667 %
48.03821897506714  ,54.843750000 %
48.117928981781006 ,54.895833333 %
48.198148012161255 ,54.947916667 %
48.27923607826233  ,55.000000000 %
48.36010384559631  ,55.052083333 %
48.43913793563843  ,55.104166667 %
48.515236139297485 ,55.156250000 %
48.5935480594635   ,55.208333333 %
48.66995286941528  ,55.260416667 %
48.74665689468384  ,55.312500000 %
48.82346320152283  ,55.364583333 %
48.90028095245361  ,55.416666667 %
48.97614884376526  ,55.468750000 %
49.05229306221008  ,55.520833333 %
49.12650990486145  ,55.572916667 %
49.20160889625549  ,55.625000000 %
49.27570390701294  ,55.677083333 %
49.34907007217407  ,55.729166667 %
49.4219229221344   ,55.781250000 %
49.49489402770996  ,55.833333333 %
49.56859993934631  ,55.885416667 %
49.6407949924469   ,55.937500000 %
49.710691928863525 ,55.989583333 %
49.77833700180054  ,56.041666667 %
49.84342074394226  ,56.093750000 %
49.90920686721802  ,56.145833333 %
49.97735381126404  ,56.197916667 %
50.043270111083984 ,56.250000000 %
50.11010980606079  ,56.302083333 %
50.172516107559204 ,56.354166667 %
50.235153913497925 ,56.406250000 %
50.299391984939575 ,56.458333333 %
50.36056184768677  ,56.510416667 %
50.42302989959717  ,56.562500000 %
50.48642706871033  ,56.614583333 %
50.546221017837524 ,56.666666667 %
50.604751110076904 ,56.718750000 %
50.657958030700684 ,56.770833333 %
50.71170711517334  ,56.822916667 %
50.76764893531799  ,56.875000000 %
50.8189959526062   ,56.927083333 %
50.87155818939209  ,56.979166667 %
50.924153089523315 ,57.031250000 %
50.976778984069824 ,57.083333333 %
51.02905297279358  ,57.135416667 %
51.08230400085449  ,57.187500000 %
51.134153842926025 ,57.239583333 %
51.18603301048279  ,57.291666667 %
51.237098932266235 ,57.343750000 %
51.28681206703186  ,57.395833333 %
51.336610078811646 ,57.447916667 %
51.38599491119385  ,57.500000000 %
51.435210943222046 ,57.552083333 %
51.48420596122742  ,57.604166667 %
51.531346797943115 ,57.656250000 %
51.57805681228638  ,57.708333333 %
51.62440276145935  ,57.760416667 %
51.66932797431946  ,57.812500000 %
51.71271586418152  ,57.864583333 %
51.75329399108887  ,57.916666667 %
51.79225015640259  ,57.968750000 %
51.83150887489319  ,58.020833333 %
51.87138819694519  ,58.072916667 %
51.911686182022095 ,58.125000000 %
51.95205807685852  ,58.177083333 %
51.992350816726685 ,58.229166667 %
52.03505611419678  ,58.281250000 %
52.07752585411072  ,58.333333333 %
52.121460914611816 ,58.385416667 %
52.164973974227905 ,58.437500000 %
52.211219787597656 ,58.489583333 %
52.25565004348755  ,58.541666667 %
52.30321002006531  ,58.593750000 %
52.34971785545349  ,58.645833333 %
52.39605188369751  ,58.697916667 %
52.443228006362915 ,58.750000000 %
52.49077296257019  ,58.802083333 %
52.539544105529785 ,58.854166667 %
52.5899498462677   ,58.906250000 %
52.63875198364258  ,58.958333333 %
52.688732862472534 ,59.010416667 %
52.73855686187744  ,59.062500000 %
52.7901508808136   ,59.114583333 %
52.84313893318176  ,59.166666667 %
52.89642000198364  ,59.218750000 %
52.949110984802246 ,59.270833333 %
53.005812883377075 ,59.322916667 %
53.0609290599823   ,59.375000000 %
53.11417293548584  ,59.427083333 %
53.166154861450195 ,59.479166667 %
53.21856880187988  ,59.531250000 %
53.27043080329895  ,59.583333333 %
53.3233687877655   ,59.635416667 %
53.37635087966919  ,59.687500000 %
53.42902398109436  ,59.739583333 %
53.483920097351074 ,59.791666667 %
53.53911113739014  ,59.843750000 %
53.59172797203064  ,59.895833333 %
53.646053075790405 ,59.947916667 %
53.699759006500244 ,60.000000000 %
53.75285291671753  ,60.052083333 %
53.80437397956848  ,60.104166667 %
53.85409092903137  ,60.156250000 %
53.904091119766235 ,60.208333333 %
53.95570492744446  ,60.260416667 %
54.00631499290466  ,60.312500000 %
54.05746603012085  ,60.364583333 %
54.1090521812439   ,60.416666667 %
54.15946316719055  ,60.468750000 %
54.20937895774841  ,60.520833333 %
54.25915479660034  ,60.572916667 %
54.3108069896698   ,60.625000000 %
54.36305594444275  ,60.677083333 %
54.41435384750366  ,60.729166667 %
54.46683382987976  ,60.781250000 %
54.52155900001526  ,60.833333333 %
54.57611393928528  ,60.885416667 %
54.631733894348145 ,60.937500000 %
54.68634581565857  ,60.989583333 %
54.74429988861084  ,61.041666667 %
54.800976037979126 ,61.093750000 %
54.857625007629395 ,61.145833333 %
54.9148268699646   ,61.197916667 %
54.968798875808716 ,61.250000000 %
55.0232629776001   ,61.302083333 %
55.078978061676025 ,61.354166667 %
55.134076833724976 ,61.406250000 %
55.19087195396423  ,61.458333333 %
55.246622800827026 ,61.510416667 %
55.30232381820679  ,61.562500000 %
55.35964584350586  ,61.614583333 %
55.41794300079346  ,61.666666667 %
55.47887897491455  ,61.718750000 %
55.539794921875    ,61.770833333 %
55.59895300865173  ,61.822916667 %
55.66012477874756  ,61.875000000 %
55.720340967178345 ,61.927083333 %
55.78010892868042  ,61.979166667 %
55.83830904960632  ,62.031250000 %
55.89735198020935  ,62.083333333 %
55.954262018203735 ,62.135416667 %
56.01062798500061  ,62.187500000 %
56.06557297706604  ,62.239583333 %
56.12042593955994  ,62.291666667 %
56.17561388015747  ,62.343750000 %
56.22936701774597  ,62.395833333 %
56.282954931259155 ,62.447916667 %
56.338247776031494 ,62.500000000 %
56.39248776435852  ,62.552083333 %
56.447843074798584 ,62.604166667 %
56.50272297859192  ,62.656250000 %
56.558022022247314 ,62.708333333 %
56.61491084098816  ,62.760416667 %
56.67248511314392  ,62.812500000 %
56.7302770614624   ,62.864583333 %
56.79051899909973  ,62.916666667 %
56.851924896240234 ,62.968750000 %
56.91141486167908  ,63.020833333 %
56.97185206413269  ,63.072916667 %
57.031810998916626 ,63.125000000 %
57.094094038009644 ,63.177083333 %
57.15675902366638  ,63.229166667 %
57.2195188999176   ,63.281250000 %
57.28343176841736  ,63.333333333 %
57.34658408164978  ,63.385416667 %
57.409889936447144 ,63.437500000 %
57.47483992576599  ,63.489583333 %
57.54180097579956  ,63.541666667 %
57.609129905700684 ,63.593750000 %
57.672816038131714 ,63.645833333 %
57.736286878585815 ,63.697916667 %
57.80164194107056  ,63.750000000 %
57.865926027297974 ,63.802083333 %
57.93049502372742  ,63.854166667 %
57.99517297744751  ,63.906250000 %
58.062654972076416 ,63.958333333 %
58.12990999221802  ,64.010416667 %
58.1953489780426   ,64.062500000 %
58.26035976409912  ,64.114583333 %
58.326967000961304 ,64.166666667 %
58.39353108406067  ,64.218750000 %
58.45749807357788  ,64.270833333 %
58.52163910865784  ,64.322916667 %
58.584638833999634 ,64.375000000 %
58.649067878723145 ,64.427083333 %
58.711936950683594 ,64.479166667 %
58.77342414855957  ,64.531250000 %
58.83877611160278  ,64.583333333 %
58.904775857925415 ,64.635416667 %
58.96908092498779  ,64.687500000 %
59.03393793106079  ,64.739583333 %
59.09833097457886  ,64.791666667 %
59.16278004646301  ,64.843750000 %
59.22541904449463  ,64.895833333 %
59.288126945495605 ,64.947916667 %
59.35532307624817  ,65.000000000 %
59.41971802711487  ,65.052083333 %
59.48327016830444  ,65.104166667 %
59.543712854385376 ,65.156250000 %
59.608097076416016 ,65.208333333 %
59.67185997962952  ,65.260416667 %
59.73597502708435  ,65.312500000 %
59.80009388923645  ,65.364583333 %
59.86472487449646  ,65.416666667 %
59.92859697341919  ,65.468750000 %
59.991551876068115 ,65.520833333 %
60.05361604690552  ,65.572916667 %
60.115965843200684 ,65.625000000 %
60.18014883995056  ,65.677083333 %
60.240262031555176 ,65.729166667 %
60.30132508277893  ,65.781250000 %
60.36134195327759  ,65.833333333 %
60.41979217529297  ,65.885416667 %
60.4776828289032   ,65.937500000 %
60.53575301170349  ,65.989583333 %
60.59360980987549  ,66.041666667 %
60.65300393104553  ,66.093750000 %
60.71184515953064  ,66.145833333 %
60.77045702934265  ,66.197916667 %
60.82721400260925  ,66.250000000 %
60.88619685173035  ,66.302083333 %
60.9416937828064   ,66.354166667 %
60.99781799316406  ,66.406250000 %
61.05434989929199  ,66.458333333 %
61.109681129455566 ,66.510416667 %
61.164490938186646 ,66.562500000 %
61.2175829410553   ,66.614583333 %
61.27067995071411  ,66.666666667 %
61.32448983192444  ,66.718750000 %
61.3762149810791   ,66.770833333 %
61.42609095573425  ,66.822916667 %
61.47689390182495  ,66.875000000 %
61.527631998062134 ,66.927083333 %
61.58035612106323  ,66.979166667 %
61.63335180282593  ,67.031250000 %
61.687657833099365 ,67.083333333 %
61.746562004089355 ,67.135416667 %
61.80476903915405  ,67.187500000 %
61.856849193573    ,67.239583333 %
61.90974402427673  ,67.291666667 %
61.9638409614563   ,67.343750000 %
62.01708006858826  ,67.395833333 %
62.069801807403564 ,67.447916667 %
62.12449789047241  ,67.500000000 %
62.178794860839844 ,67.552083333 %
62.23386001586914  ,67.604166667 %
62.28990697860718  ,67.656250000 %
62.34623193740845  ,67.708333333 %
62.40440011024475  ,67.760416667 %
62.461111068725586 ,67.812500000 %
62.51766490936279  ,67.864583333 %
62.57377505302429  ,67.916666667 %
62.63219594955444  ,67.968750000 %
62.689406871795654 ,68.020833333 %
62.7462899684906   ,68.072916667 %
62.80563807487488  ,68.125000000 %
62.867311000823975 ,68.177083333 %
62.92669105529785  ,68.229166667 %
62.98519277572632  ,68.281250000 %
63.04327607154846  ,68.333333333 %
63.102097034454346 ,68.385416667 %
63.16205883026123  ,68.437500000 %
63.22045683860779  ,68.489583333 %
63.28088998794556  ,68.541666667 %
63.34125995635986  ,68.593750000 %
63.4007568359375   ,68.645833333 %
63.46027493476868  ,68.697916667 %
63.52079510688782  ,68.750000000 %
63.5828070640564   ,68.802083333 %
63.645450830459595 ,68.854166667 %
63.70667886734009  ,68.906250000 %
63.76665496826172  ,68.958333333 %
63.825258016586304 ,69.010416667 %
63.883910179138184 ,69.062500000 %
63.942214012145996 ,69.114583333 %
64.00060415267944  ,69.166666667 %
64.05934596061707  ,69.218750000 %
64.11555981636047  ,69.270833333 %
64.17149209976196  ,69.322916667 %
64.22777700424194  ,69.375000000 %
64.28426790237427  ,69.427083333 %
64.33760404586792  ,69.479166667 %
64.39156985282898  ,69.531250000 %
64.44680118560791  ,69.583333333 %
64.50397396087646  ,69.635416667 %
64.55887508392334  ,69.687500000 %
64.61198782920837  ,69.739583333 %
64.66725301742554  ,69.791666667 %
64.72084903717041  ,69.843750000 %
64.77384114265442  ,69.895833333 %
64.82785511016846  ,69.947916667 %
64.88349413871765  ,70.000000000 %
64.9390618801117   ,70.052083333 %
64.991779088974    ,70.104166667 %
65.0420651435852   ,70.156250000 %
65.09347081184387  ,70.208333333 %
65.1457908153534   ,70.260416667 %
65.19621706008911  ,70.312500000 %
65.24668192863464  ,70.364583333 %
65.29631400108337  ,70.416666667 %
65.34519100189209  ,70.468750000 %
65.3922700881958   ,70.520833333 %
65.43795084953308  ,70.572916667 %
65.48268485069275  ,70.625000000 %
65.52849698066711  ,70.677083333 %
65.5766589641571   ,70.729166667 %
65.62318396568298  ,70.781250000 %
65.66820979118347  ,70.833333333 %
65.71383595466614  ,70.885416667 %
65.75862288475037  ,70.937500000 %
65.80365991592407  ,70.989583333 %
65.84826993942261  ,71.041666667 %
65.89456605911255  ,71.093750000 %
65.93994212150574  ,71.145833333 %
65.98567605018616  ,71.197916667 %
66.03194904327393  ,71.250000000 %
66.08046698570251  ,71.302083333 %
66.12928295135498  ,71.354166667 %
66.17894077301025  ,71.406250000 %
66.22768712043762  ,71.458333333 %
66.27666187286377  ,71.510416667 %
66.32464504241943  ,71.562500000 %
66.37360310554504  ,71.614583333 %
66.42291498184204  ,71.666666667 %
66.47343611717224  ,71.718750000 %
66.52313899993896  ,71.770833333 %
66.56841111183167  ,71.822916667 %
66.61214685440063  ,71.875000000 %
66.65536785125732  ,71.927083333 %
66.69952893257141  ,71.979166667 %
66.74398684501648  ,72.031250000 %
66.78636598587036  ,72.083333333 %
66.82873487472534  ,72.135416667 %
66.86868810653687  ,72.187500000 %
66.90911507606506  ,72.239583333 %
66.95185399055481  ,72.291666667 %
66.99293398857117  ,72.343750000 %
67.0325140953064   ,72.395833333 %
67.07114481925964  ,72.447916667 %
67.10809803009033  ,72.500000000 %
67.14630007743835  ,72.552083333 %
67.18620109558105  ,72.604166667 %
67.22192192077637  ,72.656250000 %
67.25385689735413  ,72.708333333 %
67.28503894805908  ,72.760416667 %
67.31570816040039  ,72.812500000 %
67.34769296646118  ,72.864583333 %
67.3790991306305   ,72.916666667 %
67.41151309013367  ,72.968750000 %
67.44211506843567  ,73.020833333 %
67.47180891036987  ,73.072916667 %
67.502760887146    ,73.125000000 %
67.53422689437866  ,73.177083333 %
67.5646960735321   ,73.229166667 %
67.59430074691772  ,73.281250000 %
67.62560987472534  ,73.333333333 %
67.65601897239685  ,73.385416667 %
67.68663001060486  ,73.437500000 %
67.71711897850037  ,73.489583333 %
67.74717783927917  ,73.541666667 %
67.77686595916748  ,73.593750000 %
67.80840277671814  ,73.645833333 %
67.84169483184814  ,73.697916667 %
67.87336111068726  ,73.750000000 %
67.90362596511841  ,73.802083333 %
67.93409609794617  ,73.854166667 %
67.96385979652405  ,73.906250000 %
67.99421191215515  ,73.958333333 %
68.02610301971436  ,74.010416667 %
68.05957794189453  ,74.062500000 %
68.09312796592712  ,74.114583333 %
68.12879204750061  ,74.166666667 %
68.16471099853516  ,74.218750000 %
68.19991183280945  ,74.270833333 %
68.23720598220825  ,74.322916667 %
68.27374410629272  ,74.375000000 %
68.3112781047821   ,74.427083333 %
68.34960889816284  ,74.479166667 %
68.38561797142029  ,74.531250000 %
68.42034411430359  ,74.583333333 %
68.45330286026001  ,74.635416667 %
68.48690509796143  ,74.687500000 %
68.52087807655334  ,74.739583333 %
68.55692100524902  ,74.791666667 %
68.59194993972778  ,74.843750000 %
68.62753701210022  ,74.895833333 %
68.6647081375122   ,74.947916667 %
68.70106387138367  ,75.000000000 %
68.73655295372009  ,75.052083333 %
68.77535510063171  ,75.104166667 %
68.81236505508423  ,75.156250000 %
68.85011601448059  ,75.208333333 %
68.88903594017029  ,75.260416667 %
68.92674398422241  ,75.312500000 %
68.96653580665588  ,75.364583333 %
69.00378489494324  ,75.416666667 %
69.04141783714294  ,75.468750000 %
69.08118009567261  ,75.520833333 %
69.1212830543518   ,75.572916667 %
69.16118001937866  ,75.625000000 %
69.20126414299011  ,75.677083333 %
69.2417221069336   ,75.729166667 %
69.28034996986389  ,75.781250000 %
69.31780695915222  ,75.833333333 %
69.3578290939331   ,75.885416667 %
69.39683699607849  ,75.937500000 %
69.43518686294556  ,75.989583333 %
69.47272491455078  ,76.041666667 %
69.51072597503662  ,76.093750000 %
69.548269033432    ,76.145833333 %
69.58698010444641  ,76.197916667 %
69.62739992141724  ,76.250000000 %
69.66637301445007  ,76.302083333 %
69.70518708229065  ,76.354166667 %
69.74246907234192  ,76.406250000 %
69.78146886825562  ,76.458333333 %
69.8237099647522   ,76.510416667 %
69.86769604682922  ,76.562500000 %
69.90921211242676  ,76.614583333 %
69.95081377029419  ,76.666666667 %
69.99318194389343  ,76.718750000 %
70.03613996505737  ,76.770833333 %
70.07734608650208  ,76.822916667 %
70.11973810195923  ,76.875000000 %
70.16129612922668  ,76.927083333 %
70.20405793190002  ,76.979166667 %
70.24522495269775  ,77.031250000 %
70.2879409790039   ,77.083333333 %
70.32932901382446  ,77.135416667 %
70.37343406677246  ,77.187500000 %
70.41773295402527  ,77.239583333 %
70.46302890777588  ,77.291666667 %
70.50964903831482  ,77.343750000 %
70.5547890663147   ,77.395833333 %
70.59855604171753  ,77.447916667 %
70.6404299736023   ,77.500000000 %
70.68335676193237  ,77.552083333 %
70.72780418395996  ,77.604166667 %
70.77095699310303  ,77.656250000 %
70.81200003623962  ,77.708333333 %
70.85119104385376  ,77.760416667 %
70.89156794548035  ,77.812500000 %
70.93330812454224  ,77.864583333 %
70.97583413124084  ,77.916666667 %
71.01852893829346  ,77.968750000 %
71.05992794036865  ,78.020833333 %
71.10230302810669  ,78.072916667 %
71.14407801628113  ,78.125000000 %
71.18524408340454  ,78.177083333 %
71.22491312026978  ,78.229166667 %
71.26597809791565  ,78.281250000 %
71.30698490142822  ,78.333333333 %
71.35223913192749  ,78.385416667 %
71.39752101898193  ,78.437500000 %
71.44147205352783  ,78.489583333 %
71.48334312438965  ,78.541666667 %
71.52817296981812  ,78.593750000 %
71.57414698600769  ,78.645833333 %
71.62032294273376  ,78.697916667 %
71.66298294067383  ,78.750000000 %
71.70468401908875  ,78.802083333 %
71.74681496620178  ,78.854166667 %
71.78937602043152  ,78.906250000 %
71.83385586738586  ,78.958333333 %
71.874929189682    ,79.010416667 %
71.91367292404175  ,79.062500000 %
71.95169878005981  ,79.114583333 %
71.98853898048401  ,79.166666667 %
72.02638411521912  ,79.218750000 %
72.06503295898438  ,79.270833333 %
72.1016149520874   ,79.322916667 %
72.1399929523468   ,79.375000000 %
72.17805576324463  ,79.427083333 %
72.21775794029236  ,79.479166667 %
72.25675892829895  ,79.531250000 %
72.29522895812988  ,79.583333333 %
72.33536505699158  ,79.635416667 %
72.37629413604736  ,79.687500000 %
72.4167070388794   ,79.739583333 %
72.45462489128113  ,79.791666667 %
72.49100804328918  ,79.843750000 %
72.52824115753174  ,79.895833333 %
72.56598711013794  ,79.947916667 %
72.6005527973175   ,80.000000000 %
72.63517999649048  ,80.052083333 %
72.67032098770142  ,80.104166667 %
72.70613193511963  ,80.156250000 %
72.74208092689514  ,80.208333333 %
72.77777791023254  ,80.260416667 %
72.8113660812378   ,80.312500000 %
72.8441469669342   ,80.364583333 %
72.87707114219666  ,80.416666667 %
72.91126298904419  ,80.468750000 %
72.94498205184937  ,80.520833333 %
72.97597694396973  ,80.572916667 %
73.00680708885193  ,80.625000000 %
73.03760194778442  ,80.677083333 %
73.07010698318481  ,80.729166667 %
73.10498595237732  ,80.781250000 %
73.14100289344788  ,80.833333333 %
73.17759203910828  ,80.885416667 %
73.21187591552734  ,80.937500000 %
73.24599194526672  ,80.989583333 %
73.28388595581055  ,81.041666667 %
73.32347202301025  ,81.093750000 %
73.36363005638123  ,81.145833333 %
73.40220475196838  ,81.197916667 %
73.44058895111084  ,81.250000000 %
73.47902417182922  ,81.302083333 %
73.51949000358582  ,81.354166667 %
73.56089687347412  ,81.406250000 %
73.60088896751404  ,81.458333333 %
73.63969492912292  ,81.510416667 %
73.6792140007019   ,81.562500000 %
73.71849274635315  ,81.614583333 %
73.75665879249573  ,81.666666667 %
73.79728412628174  ,81.718750000 %
73.83697295188904  ,81.770833333 %
73.87480187416077  ,81.822916667 %
73.91412901878357  ,81.875000000 %
73.95321106910706  ,81.927083333 %
73.99499988555908  ,81.979166667 %
74.03540992736816  ,82.031250000 %
74.07195997238159  ,82.083333333 %
74.10932087898254  ,82.135416667 %
74.14543414115906  ,82.187500000 %
74.18166399002075  ,82.239583333 %
74.21743679046631  ,82.291666667 %
74.2525589466095   ,82.343750000 %
74.28735780715942  ,82.395833333 %
74.32050609588623  ,82.447916667 %
74.35421991348267  ,82.500000000 %
74.3844997882843   ,82.552083333 %
74.41541194915771  ,82.604166667 %
74.44783401489258  ,82.656250000 %
74.4796679019928   ,82.708333333 %
74.5118498802185   ,82.760416667 %
74.54368901252747  ,82.812500000 %
74.57487893104553  ,82.864583333 %
74.60737609863281  ,82.916666667 %
74.64107704162598  ,82.968750000 %
74.67617297172546  ,83.020833333 %
74.71329402923584  ,83.072916667 %
74.7494797706604   ,83.125000000 %
74.78624391555786  ,83.177083333 %
74.82210993766785  ,83.229166667 %
74.85741305351257  ,83.281250000 %
74.89253497123718  ,83.333333333 %
74.92919492721558  ,83.385416667 %
74.96584486961365  ,83.437500000 %
75.00366306304932  ,83.489583333 %
75.03883004188538  ,83.541666667 %
75.0757417678833   ,83.593750000 %
75.11389684677124  ,83.645833333 %
75.1501579284668   ,83.697916667 %
75.1876609325409   ,83.750000000 %
75.22486901283264  ,83.802083333 %
75.25820803642273  ,83.854166667 %
75.29310584068298  ,83.906250000 %
75.32955384254456  ,83.958333333 %
75.36548805236816  ,84.010416667 %
75.40326690673828  ,84.062500000 %
75.43985295295715  ,84.114583333 %
75.47452306747437  ,84.166666667 %
75.50889492034912  ,84.218750000 %
75.5439658164978   ,84.270833333 %
75.57720398902893  ,84.322916667 %
75.60989999771118  ,84.375000000 %
75.64374709129333  ,84.427083333 %
75.67540979385376  ,84.479166667 %
75.7054979801178   ,84.531250000 %
75.73513889312744  ,84.583333333 %
75.76571583747864  ,84.635416667 %
75.7963719367981   ,84.687500000 %
75.82794213294983  ,84.739583333 %
75.85847806930542  ,84.791666667 %
75.8891088962555   ,84.843750000 %
75.91795873641968  ,84.895833333 %
75.94795989990234  ,84.947916667 %
75.97889709472656  ,85.000000000 %
76.01090717315674  ,85.052083333 %
76.04118609428406  ,85.104166667 %
76.07311677932739  ,85.156250000 %
76.10346102714539  ,85.208333333 %
76.13310408592224  ,85.260416667 %
76.16301679611206  ,85.312500000 %
76.1940279006958   ,85.364583333 %
76.22334885597229  ,85.416666667 %
76.25259494781494  ,85.468750000 %
76.28207898139954  ,85.520833333 %
76.31100106239319  ,85.572916667 %
76.3405909538269   ,85.625000000 %
76.36968493461609  ,85.677083333 %
76.3980541229248   ,85.729166667 %
76.42839908599854  ,85.781250000 %
76.45845603942871  ,85.833333333 %
76.48843479156494  ,85.885416667 %
76.51746082305908  ,85.937500000 %
76.54633212089539  ,85.989583333 %
76.57413506507874  ,86.041666667 %
76.60408806800842  ,86.093750000 %
76.63490295410156  ,86.145833333 %
76.66631484031677  ,86.197916667 %
76.6970648765564   ,86.250000000 %
76.72751784324646  ,86.302083333 %
76.75711798667908  ,86.354166667 %
76.78694486618042  ,86.406250000 %
76.81658792495728  ,86.458333333 %
76.84696292877197  ,86.510416667 %
76.87681198120117  ,86.562500000 %
76.90660095214844  ,86.614583333 %
76.93539905548096  ,86.666666667 %
76.96427702903748  ,86.718750000 %
76.99340200424194  ,86.770833333 %
77.02395796775818  ,86.822916667 %
77.05445909500122  ,86.875000000 %
77.08446788787842  ,86.927083333 %
77.11483216285706  ,86.979166667 %
77.14486503601074  ,87.031250000 %
77.17511296272278  ,87.083333333 %
77.20596981048584  ,87.135416667 %
77.23689293861389  ,87.187500000 %
77.27010202407837  ,87.239583333 %
77.30284094810486  ,87.291666667 %
77.33643698692322  ,87.343750000 %
77.36920690536499  ,87.395833333 %
77.40227389335632  ,87.447916667 %
77.4370059967041   ,87.500000000 %
77.4711000919342   ,87.552083333 %
77.50481605529785  ,87.604166667 %
77.53774690628052  ,87.656250000 %
77.57033896446228  ,87.708333333 %
77.60109400749207  ,87.760416667 %
77.6314218044281   ,87.812500000 %
77.65953397750854  ,87.864583333 %
77.68934488296509  ,87.916666667 %
77.71798086166382  ,87.968750000 %
77.74716091156006  ,88.020833333 %
77.77672910690308  ,88.072916667 %
77.80624985694885  ,88.125000000 %
77.83369398117065  ,88.177083333 %
77.86054491996765  ,88.229166667 %
77.88783192634583  ,88.281250000 %
77.91461396217346  ,88.333333333 %
77.94211983680725  ,88.385416667 %
77.96852397918701  ,88.437500000 %
77.99522399902344  ,88.489583333 %
78.02124214172363  ,88.541666667 %
78.04558515548706  ,88.593750000 %
78.06980085372925  ,88.645833333 %
78.09467387199402  ,88.697916667 %
78.11802387237549  ,88.750000000 %
78.14279699325562  ,88.802083333 %
78.16737985610962  ,88.854166667 %
78.1917679309845   ,88.906250000 %
78.21642303466797  ,88.958333333 %
78.23932886123657  ,89.010416667 %
78.26275181770325  ,89.062500000 %
78.28369617462158  ,89.114583333 %
78.30574297904968  ,89.166666667 %
78.3265929222107   ,89.218750000 %
78.34716796875     ,89.270833333 %
78.36559987068176  ,89.322916667 %
78.38392996788025  ,89.375000000 %
78.40178084373474  ,89.427083333 %
78.4207558631897   ,89.479166667 %
78.44001412391663  ,89.531250000 %
78.45803785324097  ,89.583333333 %
78.47517204284668  ,89.635416667 %
78.49207401275635  ,89.687500000 %
78.50894403457642  ,89.739583333 %
78.52581596374512  ,89.791666667 %
78.54140996932983  ,89.843750000 %
78.55886507034302  ,89.895833333 %
78.5766990184784   ,89.947916667 %
78.59500002861023  ,90.000000000 %
78.6143741607666   ,90.052083333 %
78.6326858997345   ,90.104166667 %
78.65136790275574  ,90.156250000 %
78.67071986198425  ,90.208333333 %
78.69120001792908  ,90.260416667 %
78.71183896064758  ,90.312500000 %
78.73123288154602  ,90.364583333 %
78.74967193603516  ,90.416666667 %
78.76937484741211  ,90.468750000 %
78.78840398788452  ,90.520833333 %
78.8084659576416   ,90.572916667 %
78.82792115211487  ,90.625000000 %
78.84773302078247  ,90.677083333 %
78.86686396598816  ,90.729166667 %
78.88640689849854  ,90.781250000 %
78.90476679801941  ,90.833333333 %
78.92233490943909  ,90.885416667 %
78.93951606750488  ,90.937500000 %
78.95845293998718  ,90.989583333 %
78.97722887992859  ,91.041666667 %
78.99432015419006  ,91.093750000 %
79.01251292228699  ,91.145833333 %
79.03015184402466  ,91.197916667 %
79.04706978797913  ,91.250000000 %
79.06468915939331  ,91.302083333 %
79.08178305625916  ,91.354166667 %
79.09951210021973  ,91.406250000 %
79.11794304847717  ,91.458333333 %
79.13620400428772  ,91.510416667 %
79.1533579826355   ,91.562500000 %
79.17138504981995  ,91.614583333 %
79.1911609172821   ,91.666666667 %
79.21053099632263  ,91.718750000 %
79.2305121421814   ,91.770833333 %
79.24844193458557  ,91.822916667 %
79.26479291915894  ,91.875000000 %
79.27987599372864  ,91.927083333 %
79.29384112358093  ,91.979166667 %
79.30836510658264  ,92.031250000 %
79.3226969242096   ,92.083333333 %
79.33649492263794  ,92.135416667 %
79.35157489776611  ,92.187500000 %
79.36513090133667  ,92.239583333 %
79.3793888092041   ,92.291666667 %
79.39211297035217  ,92.343750000 %
79.40542888641357  ,92.395833333 %
79.41851377487183  ,92.447916667 %
79.43209600448608  ,92.500000000 %
79.44547986984253  ,92.552083333 %
79.45934104919434  ,92.604166667 %
79.47251200675964  ,92.656250000 %
79.48582601547241  ,92.708333333 %
79.50075006484985  ,92.760416667 %
79.5153579711914   ,92.812500000 %
79.53085589408875  ,92.864583333 %
79.54633808135986  ,92.916666667 %
79.56108212471008  ,92.968750000 %
79.57799005508423  ,93.020833333 %
79.59351110458374  ,93.072916667 %
79.60837292671204  ,93.125000000 %
79.62327003479004  ,93.177083333 %
79.6370689868927   ,93.229166667 %
79.65049290657043  ,93.281250000 %
79.66402888298035  ,93.333333333 %
79.67785000801086  ,93.385416667 %
79.69204187393188  ,93.437500000 %
79.70524597167969  ,93.489583333 %
79.71831893920898  ,93.541666667 %
79.73351287841797  ,93.593750000 %
79.74778485298157  ,93.645833333 %
79.76219010353088  ,93.697916667 %
79.7759017944336   ,93.750000000 %
79.78816413879395  ,93.802083333 %
79.80150079727173  ,93.854166667 %
79.81630516052246  ,93.906250000 %
79.83043503761292  ,93.958333333 %
79.84519004821777  ,94.010416667 %
79.86043381690979  ,94.062500000 %
79.87599396705627  ,94.114583333 %
79.89092302322388  ,94.166666667 %
79.90714383125305  ,94.218750000 %
79.92360997200012  ,94.270833333 %
79.93964886665344  ,94.322916667 %
79.95514106750488  ,94.375000000 %
79.97101902961731  ,94.427083333 %
79.98684477806091  ,94.479166667 %
80.00277709960938  ,94.531250000 %
80.01894807815552  ,94.583333333 %
80.03479599952698  ,94.635416667 %
80.0503420829773   ,94.687500000 %
80.06675505638123  ,94.739583333 %
80.08173894882202  ,94.791666667 %
80.0974178314209   ,94.843750000 %
80.11222195625305  ,94.895833333 %
80.12643098831177  ,94.947916667 %
80.14041686058044  ,95.000000000 %
80.1546847820282   ,95.052083333 %
80.16835403442383  ,95.104166667 %
80.1834831237793   ,95.156250000 %
80.19786310195923  ,95.208333333 %
80.21169185638428  ,95.260416667 %
80.22510886192322  ,95.312500000 %
80.23978996276855  ,95.364583333 %
80.25366711616516  ,95.416666667 %
80.26765203475952  ,95.468750000 %
80.28240609169006  ,95.520833333 %
80.29638195037842  ,95.572916667 %
80.30942678451538  ,95.625000000 %
80.32266807556152  ,95.677083333 %
80.33468794822693  ,95.729166667 %
80.34687900543213  ,95.781250000 %
80.35783195495605  ,95.833333333 %
80.36852979660034  ,95.885416667 %
80.3776969909668   ,95.937500000 %
80.38777494430542  ,95.989583333 %
80.39791297912598  ,96.041666667 %
80.40784096717834  ,96.093750000 %
80.41721296310425  ,96.145833333 %
80.42579102516174  ,96.197916667 %
80.43692588806152  ,96.250000000 %
80.44715094566345  ,96.302083333 %
80.45755100250244  ,96.354166667 %
80.4677050113678   ,96.406250000 %
80.47741889953613  ,96.458333333 %
80.48666596412659  ,96.510416667 %
80.4955587387085   ,96.562500000 %
80.5047538280487   ,96.614583333 %
80.5134859085083   ,96.666666667 %
80.52222299575806  ,96.718750000 %
80.52916693687439  ,96.770833333 %
80.53623795509338  ,96.822916667 %
80.54279589653015  ,96.875000000 %
80.55018496513367  ,96.927083333 %
80.5562469959259   ,96.979166667 %
80.56227493286133  ,97.031250000 %
80.56886005401611  ,97.083333333 %
80.5753710269928   ,97.135416667 %
80.58188486099243  ,97.187500000 %
80.58789300918579  ,97.239583333 %
80.59308791160583  ,97.291666667 %
80.59901404380798  ,97.343750000 %
80.60412001609802  ,97.395833333 %
80.61051297187805  ,97.447916667 %
80.61786699295044  ,97.500000000 %
80.62465190887451  ,97.552083333 %
80.6318850517273   ,97.604166667 %
80.6377489566803   ,97.656250000 %
80.64446091651917  ,97.708333333 %
80.65280795097351  ,97.760416667 %
80.66014575958252  ,97.812500000 %
80.66747212409973  ,97.864583333 %
80.67518901824951  ,97.916666667 %
80.68299889564514  ,97.968750000 %
80.69082999229431  ,98.020833333 %
80.69886898994446  ,98.072916667 %
80.7062041759491   ,98.125000000 %
80.7136800289154   ,98.177083333 %
80.72049188613892  ,98.229166667 %
80.72679805755615  ,98.281250000 %
80.73298406600952  ,98.333333333 %
80.73847913742065  ,98.385416667 %
80.74477005004883  ,98.437500000 %
80.75058698654175  ,98.489583333 %
80.7558708190918   ,98.541666667 %
80.76025199890137  ,98.593750000 %
80.76413297653198  ,98.645833333 %
80.7686140537262   ,98.697916667 %
80.77258205413818  ,98.750000000 %
80.77630305290222  ,98.802083333 %
80.78074598312378  ,98.854166667 %
80.78478002548218  ,98.906250000 %
80.78919005393982  ,98.958333333 %
80.79417395591736  ,99.010416667 %
80.7992491722107   ,99.062500000 %
80.80331897735596  ,99.114583333 %
80.80738401412964  ,99.166666667 %
80.81081485748291  ,99.218750000 %
80.81418704986572  ,99.270833333 %
80.8172299861908   ,99.322916667 %
80.82044196128845  ,99.375000000 %
80.82330584526062  ,99.427083333 %
80.82619595527649  ,99.479166667 %
80.82888174057007  ,99.531250000 %
80.83183002471924  ,99.583333333 %
80.83444404602051  ,99.635416667 %
80.83712792396545  ,99.687500000 %
80.83969783782959  ,99.739583333 %
80.84247708320618  ,99.791666667 %
80.84514307975769  ,99.843750000 %
80.84809803962708  ,99.895833333 %
80.85116314888     ,99.947916667 %
81.58934497833252  ,100 %
