Time Passed         ,Percentage
0.009794950485229492,0.000000000 %
0.012017011642456055,0.052083333 %
0.014194250106811523,0.104166667 %
0.016416072845458984,0.156250000 %
0.0187380313873291  ,0.208333333 %
0.020919084548950195,0.260416667 %
0.02309703826904297 ,0.312500000 %
0.02526712417602539 ,0.364583333 %
0.02745795249938965 ,0.416666667 %
0.029662132263183594,0.468750000 %
0.032296180725097656,0.520833333 %
0.034829139709472656,0.572916667 %
0.03726315498352051 ,0.625000000 %
0.03969001770019531 ,0.677083333 %
0.04204511642456055 ,0.729166667 %
0.04443693161010742 ,0.781250000 %
0.04678916931152344 ,0.833333333 %
0.04899024963378906 ,0.885416667 %
0.05142807960510254 ,0.937500000 %
0.05377912521362305 ,0.989583333 %
0.05608487129211426 ,1.041666667 %
0.05838823318481445 ,1.093750000 %
0.060735225677490234,1.145833333 %
0.0630040168762207  ,1.197916667 %
0.06519389152526855 ,1.250000000 %
0.06734418869018555 ,1.302083333 %
0.06949019432067871 ,1.354166667 %
0.07178115844726562 ,1.406250000 %
0.07392716407775879 ,1.458333333 %
0.0760650634765625  ,1.510416667 %
0.0783531665802002  ,1.562500000 %
0.08057999610900879 ,1.614583333 %
0.08298110961914062 ,1.666666667 %
0.08550024032592773 ,1.718750000 %
0.08813714981079102 ,1.770833333 %
0.09068512916564941 ,1.822916667 %
0.09313821792602539 ,1.875000000 %
0.09571194648742676 ,1.927083333 %
0.09819793701171875 ,1.979166667 %
0.1006472110748291  ,2.031250000 %
0.10294389724731445 ,2.083333333 %
0.10539102554321289 ,2.135416667 %
0.1076059341430664  ,2.187500000 %
0.10981392860412598 ,2.239583333 %
0.11208486557006836 ,2.291666667 %
0.11443495750427246 ,2.343750000 %
0.11671590805053711 ,2.395833333 %
0.11896204948425293 ,2.447916667 %
0.12111902236938477 ,2.500000000 %
0.12328410148620605 ,2.552083333 %
0.12544608116149902 ,2.604166667 %
0.127608060836792   ,2.656250000 %
0.12980914115905762 ,2.708333333 %
0.13205814361572266 ,2.760416667 %
0.1343059539794922  ,2.812500000 %
0.13646507263183594 ,2.864583333 %
0.1389601230621338  ,2.916666667 %
0.14153218269348145 ,2.968750000 %
0.144057035446167   ,3.020833333 %
0.14661407470703125 ,3.072916667 %
0.14890003204345703 ,3.125000000 %
0.1513221263885498  ,3.177083333 %
0.15418696403503418 ,3.229166667 %
0.156937837600708   ,3.281250000 %
0.15917611122131348 ,3.333333333 %
0.16193723678588867 ,3.385416667 %
0.16426515579223633 ,3.437500000 %
0.1667020320892334  ,3.489583333 %
0.1690211296081543  ,3.541666667 %
0.17119097709655762 ,3.593750000 %
0.1733548641204834  ,3.645833333 %
0.17551302909851074 ,3.697916667 %
0.17771005630493164 ,3.750000000 %
0.17989015579223633 ,3.802083333 %
0.1822350025177002  ,3.854166667 %
0.18448519706726074 ,3.906250000 %
0.18671107292175293 ,3.958333333 %
0.1891460418701172  ,4.010416667 %
0.19182109832763672 ,4.062500000 %
0.19430112838745117 ,4.114583333 %
0.1968250274658203  ,4.166666667 %
0.1991291046142578  ,4.218750000 %
0.20151019096374512 ,4.270833333 %
0.204207181930542   ,4.322916667 %
0.20664310455322266 ,4.375000000 %
0.20911097526550293 ,4.427083333 %
0.21146798133850098 ,4.479166667 %
0.2136979103088379  ,4.531250000 %
0.2164771556854248  ,4.583333333 %
0.2195429801940918  ,4.635416667 %
0.22251200675964355 ,4.687500000 %
0.22495102882385254 ,4.739583333 %
0.22739815711975098 ,4.791666667 %
0.23046398162841797 ,4.843750000 %
0.232835054397583   ,4.895833333 %
0.23549628257751465 ,4.947916667 %
0.23769593238830566 ,5.000000000 %
0.24024319648742676 ,5.052083333 %
0.24305510520935059 ,5.104166667 %
0.24593615531921387 ,5.156250000 %
0.24873709678649902 ,5.208333333 %
0.2512052059173584  ,5.260416667 %
0.2547318935394287  ,5.312500000 %
0.25739097595214844 ,5.364583333 %
0.2601950168609619  ,5.416666667 %
0.2630929946899414  ,5.468750000 %
0.2656722068786621  ,5.520833333 %
0.26804113388061523 ,5.572916667 %
0.2706170082092285  ,5.625000000 %
0.2732200622558594  ,5.677083333 %
0.27573704719543457 ,5.729166667 %
0.2782561779022217  ,5.781250000 %
0.280566930770874   ,5.833333333 %
0.28282809257507324 ,5.885416667 %
0.2850921154022217  ,5.937500000 %
0.2872471809387207  ,5.989583333 %
0.28954005241394043 ,6.041666667 %
0.291729211807251   ,6.093750000 %
0.29409003257751465 ,6.145833333 %
0.2965962886810303  ,6.197916667 %
0.299030065536499   ,6.250000000 %
0.301713228225708   ,6.302083333 %
0.3042621612548828  ,6.354166667 %
0.3067460060119629  ,6.406250000 %
0.3094508647918701  ,6.458333333 %
0.31200718879699707 ,6.510416667 %
0.3146979808807373  ,6.562500000 %
0.3169980049133301  ,6.614583333 %
0.3193960189819336  ,6.666666667 %
0.32166123390197754 ,6.718750000 %
0.3240201473236084  ,6.770833333 %
0.3267629146575928  ,6.822916667 %
0.32908105850219727 ,6.875000000 %
0.3312511444091797  ,6.927083333 %
0.3334231376647949  ,6.979166667 %
0.33603811264038086 ,7.031250000 %
0.3382411003112793  ,7.083333333 %
0.340425968170166   ,7.135416667 %
0.3429751396179199  ,7.187500000 %
0.3452720642089844  ,7.239583333 %
0.34777212142944336 ,7.291666667 %
0.3506600856781006  ,7.343750000 %
0.35328102111816406 ,7.395833333 %
0.35582613945007324 ,7.447916667 %
0.3583521842956543  ,7.500000000 %
0.36115193367004395 ,7.552083333 %
0.36361217498779297 ,7.604166667 %
0.36594200134277344 ,7.656250000 %
0.36860108375549316 ,7.708333333 %
0.37096691131591797 ,7.760416667 %
0.3733501434326172  ,7.812500000 %
0.37621498107910156 ,7.864583333 %
0.3785531520843506  ,7.916666667 %
0.3808131217956543  ,7.968750000 %
0.3832240104675293  ,8.020833333 %
0.38581299781799316 ,8.072916667 %
0.388139009475708   ,8.125000000 %
0.3904571533203125  ,8.177083333 %
0.3932981491088867  ,8.229166667 %
0.39563512802124023 ,8.281250000 %
0.39800596237182617 ,8.333333333 %
0.4007289409637451  ,8.385416667 %
0.4031369686126709  ,8.437500000 %
0.40560197830200195 ,8.489583333 %
0.40825796127319336 ,8.541666667 %
0.4111809730529785  ,8.593750000 %
0.4137892723083496  ,8.645833333 %
0.41671204566955566 ,8.697916667 %
0.4195549488067627  ,8.750000000 %
0.422396183013916   ,8.802083333 %
0.42585206031799316 ,8.854166667 %
0.42905306816101074 ,8.906250000 %
0.4317512512207031  ,8.958333333 %
0.43480491638183594 ,9.010416667 %
0.4375779628753662  ,9.062500000 %
0.44042420387268066 ,9.114583333 %
0.44348788261413574 ,9.166666667 %
0.44601893424987793 ,9.218750000 %
0.4486119747161865  ,9.270833333 %
0.4516782760620117  ,9.322916667 %
0.454164981842041   ,9.375000000 %
0.4566340446472168  ,9.427083333 %
0.45958590507507324 ,9.479166667 %
0.4622781276702881  ,9.531250000 %
0.4655039310455322  ,9.583333333 %
0.4684898853302002  ,9.635416667 %
0.47180628776550293 ,9.687500000 %
0.4753901958465576  ,9.739583333 %
0.4784250259399414  ,9.791666667 %
0.4818689823150635  ,9.843750000 %
0.4846839904785156  ,9.895833333 %
0.4884781837463379  ,9.947916667 %
0.49164319038391113 ,10.000000000 %
0.49435901641845703 ,10.052083333 %
0.4971308708190918  ,10.104166667 %
0.500413179397583   ,10.156250000 %
0.5029768943786621  ,10.208333333 %
0.5055351257324219  ,10.260416667 %
0.5085480213165283  ,10.312500000 %
0.5111269950866699  ,10.364583333 %
0.5141549110412598  ,10.416666667 %
0.5171539783477783  ,10.468750000 %
0.5197720527648926  ,10.520833333 %
0.5232770442962646  ,10.572916667 %
0.5261921882629395  ,10.625000000 %
0.529473066329956   ,10.677083333 %
0.5328750610351562  ,10.729166667 %
0.5360419750213623  ,10.781250000 %
0.5392251014709473  ,10.833333333 %
0.5423259735107422  ,10.885416667 %
0.5452520847320557  ,10.937500000 %
0.5483050346374512  ,10.989583333 %
0.5512940883636475  ,11.041666667 %
0.554023027420044   ,11.093750000 %
0.5571630001068115  ,11.145833333 %
0.5598330497741699  ,11.197916667 %
0.5625152587890625  ,11.250000000 %
0.5656721591949463  ,11.302083333 %
0.5683510303497314  ,11.354166667 %
0.5709919929504395  ,11.406250000 %
0.5740079879760742  ,11.458333333 %
0.5766680240631104  ,11.510416667 %
0.5793850421905518  ,11.562500000 %
0.5831122398376465  ,11.614583333 %
0.5861361026763916  ,11.666666667 %
0.5893280506134033  ,11.718750000 %
0.5923681259155273  ,11.770833333 %
0.5956361293792725  ,11.822916667 %
0.5990030765533447  ,11.875000000 %
0.6019291877746582  ,11.927083333 %
0.6050631999969482  ,11.979166667 %
0.607896089553833   ,12.031250000 %
0.6107959747314453  ,12.083333333 %
0.6135311126708984  ,12.135416667 %
0.6162090301513672  ,12.187500000 %
0.6188578605651855  ,12.239583333 %
0.6216192245483398  ,12.291666667 %
0.6242921352386475  ,12.343750000 %
0.6269280910491943  ,12.395833333 %
0.6296701431274414  ,12.447916667 %
0.6327250003814697  ,12.500000000 %
0.6357171535491943  ,12.552083333 %
0.6389060020446777  ,12.604166667 %
0.6419570446014404  ,12.656250000 %
0.6459062099456787  ,12.708333333 %
0.6490201950073242  ,12.760416667 %
0.6523351669311523  ,12.812500000 %
0.6556720733642578  ,12.864583333 %
0.6589128971099854  ,12.916666667 %
0.6618599891662598  ,12.968750000 %
0.6650390625        ,13.020833333 %
0.6677591800689697  ,13.072916667 %
0.6705939769744873  ,13.125000000 %
0.6732940673828125  ,13.177083333 %
0.6760051250457764  ,13.229166667 %
0.6787161827087402  ,13.281250000 %
0.6816461086273193  ,13.333333333 %
0.6844611167907715  ,13.385416667 %
0.6872820854187012  ,13.437500000 %
0.6903688907623291  ,13.489583333 %
0.6933910846710205  ,13.541666667 %
0.6965830326080322  ,13.593750000 %
0.6997621059417725  ,13.645833333 %
0.7029781341552734  ,13.697916667 %
0.706010103225708   ,13.750000000 %
0.7088980674743652  ,13.802083333 %
0.7118792533874512  ,13.854166667 %
0.7150859832763672  ,13.906250000 %
0.7181470394134521  ,13.958333333 %
0.7210259437561035  ,14.010416667 %
0.7237610816955566  ,14.062500000 %
0.7265150547027588  ,14.114583333 %
0.7295842170715332  ,14.166666667 %
0.732525110244751   ,14.218750000 %
0.7353262901306152  ,14.270833333 %
0.7381260395050049  ,14.322916667 %
0.7410030364990234  ,14.375000000 %
0.7438790798187256  ,14.427083333 %
0.7473483085632324  ,14.479166667 %
0.7506570816040039  ,14.531250000 %
0.753939151763916   ,14.583333333 %
0.7578730583190918  ,14.635416667 %
0.7613091468811035  ,14.687500000 %
0.764369010925293   ,14.739583333 %
0.7676882743835449  ,14.791666667 %
0.7706630229949951  ,14.843750000 %
0.7737891674041748  ,14.895833333 %
0.7769169807434082  ,14.947916667 %
0.7797858715057373  ,15.000000000 %
0.7826430797576904  ,15.052083333 %
0.7854928970336914  ,15.104166667 %
0.7883691787719727  ,15.156250000 %
0.7912700176239014  ,15.208333333 %
0.794140100479126   ,15.260416667 %
0.7970170974731445  ,15.312500000 %
0.8000020980834961  ,15.364583333 %
0.8032429218292236  ,15.416666667 %
0.8067991733551025  ,15.468750000 %
0.810239315032959   ,15.520833333 %
0.8138840198516846  ,15.572916667 %
0.8172259330749512  ,15.625000000 %
0.8208320140838623  ,15.677083333 %
0.8239469528198242  ,15.729166667 %
0.8271350860595703  ,15.781250000 %
0.8304429054260254  ,15.833333333 %
0.8338370323181152  ,15.885416667 %
0.8369691371917725  ,15.937500000 %
0.8400590419769287  ,15.989583333 %
0.843501091003418   ,16.041666667 %
0.8466730117797852  ,16.093750000 %
0.8497262001037598  ,16.145833333 %
0.8527531623840332  ,16.197916667 %
0.8558969497680664  ,16.250000000 %
0.8594012260437012  ,16.302083333 %
0.8625609874725342  ,16.354166667 %
0.8657901287078857  ,16.406250000 %
0.869581937789917   ,16.458333333 %
0.8731429576873779  ,16.510416667 %
0.8766520023345947  ,16.562500000 %
0.8803749084472656  ,16.614583333 %
0.8837790489196777  ,16.666666667 %
0.8870818614959717  ,16.718750000 %
0.89056396484375    ,16.770833333 %
0.8941311836242676  ,16.822916667 %
0.8976528644561768  ,16.875000000 %
0.9009242057800293  ,16.927083333 %
0.9041810035705566  ,16.979166667 %
0.9073290824890137  ,17.031250000 %
0.9105510711669922  ,17.083333333 %
0.9139561653137207  ,17.135416667 %
0.9173171520233154  ,17.187500000 %
0.9205670356750488  ,17.239583333 %
0.9238791465759277  ,17.291666667 %
0.927393913269043   ,17.343750000 %
0.9312601089477539  ,17.395833333 %
0.9350740909576416  ,17.447916667 %
0.9388980865478516  ,17.500000000 %
0.9429261684417725  ,17.552083333 %
0.946770191192627   ,17.604166667 %
0.9506332874298096  ,17.656250000 %
0.9543271064758301  ,17.708333333 %
0.9578790664672852  ,17.760416667 %
0.9615249633789062  ,17.812500000 %
0.9650230407714844  ,17.864583333 %
0.9685039520263672  ,17.916666667 %
0.9720449447631836  ,17.968750000 %
0.9755630493164062  ,18.020833333 %
0.9790830612182617  ,18.072916667 %
0.9826560020446777  ,18.125000000 %
0.9864120483398438  ,18.177083333 %
0.9903872013092041  ,18.229166667 %
0.9945902824401855  ,18.281250000 %
0.9985079765319824  ,18.333333333 %
1.0025708675384521  ,18.385416667 %
1.0065860748291016  ,18.437500000 %
1.0103631019592285  ,18.489583333 %
1.0142011642456055  ,18.541666667 %
1.0182011127471924  ,18.593750000 %
1.0219461917877197  ,18.645833333 %
1.0257132053375244  ,18.697916667 %
1.0294592380523682  ,18.750000000 %
1.0332350730895996  ,18.802083333 %
1.0374560356140137  ,18.854166667 %
1.0413181781768799  ,18.906250000 %
1.0458061695098877  ,18.958333333 %
1.0501210689544678  ,19.010416667 %
1.054581880569458   ,19.062500000 %
1.0585851669311523  ,19.114583333 %
1.0629842281341553  ,19.166666667 %
1.067202091217041   ,19.218750000 %
1.0712990760803223  ,19.270833333 %
1.0753610134124756  ,19.322916667 %
1.0796380043029785  ,19.375000000 %
1.0835740566253662  ,19.427083333 %
1.0874831676483154  ,19.479166667 %
1.0917589664459229  ,19.531250000 %
1.0957350730895996  ,19.583333333 %
1.0997560024261475  ,19.635416667 %
1.103830099105835   ,19.687500000 %
1.1085870265960693  ,19.739583333 %
1.1131250858306885  ,19.791666667 %
1.1180369853973389  ,19.843750000 %
1.1224451065063477  ,19.895833333 %
1.1267430782318115  ,19.947916667 %
1.1311311721801758  ,20.000000000 %
1.1353421211242676  ,20.052083333 %
1.1393651962280273  ,20.104166667 %
1.1433870792388916  ,20.156250000 %
1.1472811698913574  ,20.208333333 %
1.1513571739196777  ,20.260416667 %
1.1552350521087646  ,20.312500000 %
1.1590619087219238  ,20.364583333 %
1.1630220413208008  ,20.416666667 %
1.1674432754516602  ,20.468750000 %
1.1721892356872559  ,20.520833333 %
1.1767380237579346  ,20.572916667 %
1.1812641620635986  ,20.625000000 %
1.185615062713623   ,20.677083333 %
1.1899340152740479  ,20.729166667 %
1.1939990520477295  ,20.781250000 %
1.1978459358215332  ,20.833333333 %
1.201796054840088   ,20.885416667 %
1.205597162246704   ,20.937500000 %
1.209407091140747   ,20.989583333 %
1.2132751941680908  ,21.041666667 %
1.2173500061035156  ,21.093750000 %
1.221601963043213   ,21.145833333 %
1.2261521816253662  ,21.197916667 %
1.2305209636688232  ,21.250000000 %
1.23496413230896    ,21.302083333 %
1.2396299839019775  ,21.354166667 %
1.2439579963684082  ,21.406250000 %
1.2484321594238281  ,21.458333333 %
1.252532958984375   ,21.510416667 %
1.2566351890563965  ,21.562500000 %
1.260777235031128   ,21.614583333 %
1.2648041248321533  ,21.666666667 %
1.2689168453216553  ,21.718750000 %
1.2728030681610107  ,21.770833333 %
1.2770631313323975  ,21.822916667 %
1.2820651531219482  ,21.875000000 %
1.286661148071289   ,21.927083333 %
1.2911911010742188  ,21.979166667 %
1.2955050468444824  ,22.031250000 %
1.2999460697174072  ,22.083333333 %
1.3042371273040771  ,22.135416667 %
1.308197021484375   ,22.187500000 %
1.3121261596679688  ,22.239583333 %
1.316343069076538   ,22.291666667 %
1.3202340602874756  ,22.343750000 %
1.3240931034088135  ,22.395833333 %
1.3280391693115234  ,22.447916667 %
1.3321130275726318  ,22.500000000 %
1.3358829021453857  ,22.552083333 %
1.3397679328918457  ,22.604166667 %
1.3440539836883545  ,22.656250000 %
1.3487091064453125  ,22.708333333 %
1.3529250621795654  ,22.760416667 %
1.3573050498962402  ,22.812500000 %
1.3612620830535889  ,22.864583333 %
1.3654582500457764  ,22.916666667 %
1.3692469596862793  ,22.968750000 %
1.3731119632720947  ,23.020833333 %
1.3770532608032227  ,23.072916667 %
1.3808109760284424  ,23.125000000 %
1.384559154510498   ,23.177083333 %
1.3883099555969238  ,23.229166667 %
1.3920502662658691  ,23.281250000 %
1.3958241939544678  ,23.333333333 %
1.3997979164123535  ,23.385416667 %
1.4041872024536133  ,23.437500000 %
1.4086132049560547  ,23.489583333 %
1.4129271507263184  ,23.541666667 %
1.416862964630127   ,23.593750000 %
1.4208009243011475  ,23.645833333 %
1.4247369766235352  ,23.697916667 %
1.4286811351776123  ,23.750000000 %
1.4336061477661133  ,23.802083333 %
1.4374299049377441  ,23.854166667 %
1.441175937652588   ,23.906250000 %
1.4451172351837158  ,23.958333333 %
1.4489741325378418  ,24.010416667 %
1.4528450965881348  ,24.062500000 %
1.456705093383789   ,24.114583333 %
1.4610481262207031  ,24.166666667 %
1.4657299518585205  ,24.218750000 %
1.4697721004486084  ,24.270833333 %
1.474196195602417   ,24.322916667 %
1.4786090850830078  ,24.375000000 %
1.4829370975494385  ,24.427083333 %
1.4869461059570312  ,24.479166667 %
1.4909212589263916  ,24.531250000 %
1.4947459697723389  ,24.583333333 %
1.4989020824432373  ,24.635416667 %
1.502737045288086   ,24.687500000 %
1.5065619945526123  ,24.739583333 %
1.5105321407318115  ,24.791666667 %
1.5145971775054932  ,24.843750000 %
1.519010066986084   ,24.895833333 %
1.52378511428833    ,24.947916667 %
1.5279312133789062  ,25.000000000 %
1.5327131748199463  ,25.052083333 %
1.5367231369018555  ,25.104166667 %
1.5409960746765137  ,25.156250000 %
1.5449860095977783  ,25.208333333 %
1.549375295639038   ,25.260416667 %
1.5533092021942139  ,25.312500000 %
1.5572352409362793  ,25.364583333 %
1.5611209869384766  ,25.416666667 %
1.5650560855865479  ,25.468750000 %
1.5689342021942139  ,25.520833333 %
1.5728130340576172  ,25.572916667 %
1.577571153640747   ,25.625000000 %
1.5818579196929932  ,25.677083333 %
1.5863332748413086  ,25.729166667 %
1.5906651020050049  ,25.781250000 %
1.5951149463653564  ,25.833333333 %
1.599196195602417   ,25.885416667 %
1.6032822132110596  ,25.937500000 %
1.6073572635650635  ,25.989583333 %
1.61126708984375    ,26.041666667 %
1.6151270866394043  ,26.093750000 %
1.6189968585968018  ,26.145833333 %
1.6228609085083008  ,26.197916667 %
1.6267380714416504  ,26.250000000 %
1.630655288696289   ,26.302083333 %
1.6347792148590088  ,26.354166667 %
1.6392450332641602  ,26.406250000 %
1.6435911655426025  ,26.458333333 %
1.6480162143707275  ,26.510416667 %
1.6527411937713623  ,26.562500000 %
1.656919002532959   ,26.614583333 %
1.661147117614746   ,26.666666667 %
1.665328025817871   ,26.718750000 %
1.6693851947784424  ,26.770833333 %
1.6733670234680176  ,26.822916667 %
1.6775290966033936  ,26.875000000 %
1.6817209720611572  ,26.927083333 %
1.6857829093933105  ,26.979166667 %
1.6900770664215088  ,27.031250000 %
1.6946940422058105  ,27.083333333 %
1.6992831230163574  ,27.135416667 %
1.7038331031799316  ,27.187500000 %
1.70855712890625    ,27.239583333 %
1.7132048606872559  ,27.291666667 %
1.7176942825317383  ,27.343750000 %
1.7222230434417725  ,27.395833333 %
1.726457118988037   ,27.447916667 %
1.73077392578125    ,27.500000000 %
1.735004186630249   ,27.552083333 %
1.7391102313995361  ,27.604166667 %
1.7431731224060059  ,27.656250000 %
1.747412919998169   ,27.708333333 %
1.7522029876708984  ,27.760416667 %
1.7571539878845215  ,27.812500000 %
1.7624292373657227  ,27.864583333 %
1.766883134841919   ,27.916666667 %
1.771540880203247   ,27.968750000 %
1.7759919166564941  ,28.020833333 %
1.7804269790649414  ,28.072916667 %
1.7846922874450684  ,28.125000000 %
1.7888989448547363  ,28.177083333 %
1.7931580543518066  ,28.229166667 %
1.7973113059997559  ,28.281250000 %
1.8014321327209473  ,28.333333333 %
1.8055500984191895  ,28.385416667 %
1.8096590042114258  ,28.437500000 %
1.8137729167938232  ,28.489583333 %
1.8181569576263428  ,28.541666667 %
1.8229689598083496  ,28.593750000 %
1.8275539875030518  ,28.645833333 %
1.8325190544128418  ,28.697916667 %
1.8375349044799805  ,28.750000000 %
1.8422980308532715  ,28.802083333 %
1.8467419147491455  ,28.854166667 %
1.8516509532928467  ,28.906250000 %
1.8561272621154785  ,28.958333333 %
1.8605730533599854  ,29.010416667 %
1.864962100982666   ,29.062500000 %
1.8694729804992676  ,29.114583333 %
1.8739392757415771  ,29.166666667 %
1.8789961338043213  ,29.218750000 %
1.8845241069793701  ,29.270833333 %
1.889491081237793   ,29.322916667 %
1.8945021629333496  ,29.375000000 %
1.8993818759918213  ,29.427083333 %
1.9041378498077393  ,29.479166667 %
1.9088561534881592  ,29.531250000 %
1.9136712551116943  ,29.583333333 %
1.9184129238128662  ,29.635416667 %
1.9230389595031738  ,29.687500000 %
1.9278981685638428  ,29.739583333 %
1.9329509735107422  ,29.791666667 %
1.938535213470459   ,29.843750000 %
1.9437930583953857  ,29.895833333 %
1.9489240646362305  ,29.947916667 %
1.9540269374847412  ,30.000000000 %
1.9590649604797363  ,30.052083333 %
1.964325189590454   ,30.104166667 %
1.9692561626434326  ,30.156250000 %
1.9739460945129395  ,30.208333333 %
1.9786620140075684  ,30.260416667 %
1.9833462238311768  ,30.312500000 %
1.988016128540039   ,30.364583333 %
1.9929161071777344  ,30.416666667 %
1.9983930587768555  ,30.468750000 %
2.003757953643799   ,30.520833333 %
2.0089001655578613  ,30.572916667 %
2.0139272212982178  ,30.625000000 %
2.019078016281128   ,30.677083333 %
2.0240209102630615  ,30.729166667 %
2.028672933578491   ,30.781250000 %
2.033313035964966   ,30.833333333 %
2.0379390716552734  ,30.885416667 %
2.0425970554351807  ,30.937500000 %
2.0475780963897705  ,30.989583333 %
2.0528411865234375  ,31.041666667 %
2.05806303024292    ,31.093750000 %
2.06370210647583    ,31.145833333 %
2.068632125854492   ,31.197916667 %
2.0741159915924072  ,31.250000000 %
2.0794260501861572  ,31.302083333 %
2.084259033203125   ,31.354166667 %
2.08907413482666    ,31.406250000 %
2.0937750339508057  ,31.458333333 %
2.098701000213623   ,31.510416667 %
2.103393077850342   ,31.562500000 %
2.1089060306549072  ,31.614583333 %
2.1141140460968018  ,31.666666667 %
2.119647979736328   ,31.718750000 %
2.1250381469726562  ,31.770833333 %
2.1301491260528564  ,31.822916667 %
2.1348860263824463  ,31.875000000 %
2.140087127685547   ,31.927083333 %
2.144821882247925   ,31.979166667 %
2.149733066558838   ,32.031250000 %
2.1544392108917236  ,32.083333333 %
2.15906023979187    ,32.135416667 %
2.1639909744262695  ,32.187500000 %
2.1688740253448486  ,32.239583333 %
2.1740939617156982  ,32.291666667 %
2.178983211517334   ,32.343750000 %
2.183847188949585   ,32.395833333 %
2.188533067703247   ,32.447916667 %
2.193359136581421   ,32.500000000 %
2.1981449127197266  ,32.552083333 %
2.203000068664551   ,32.604166667 %
2.207582950592041   ,32.656250000 %
2.2121500968933105  ,32.708333333 %
2.2167651653289795  ,32.760416667 %
2.221328020095825   ,32.812500000 %
2.2262260913848877  ,32.864583333 %
2.231600046157837   ,32.916666667 %
2.236724853515625   ,32.968750000 %
2.241831064224243   ,33.020833333 %
2.247016191482544   ,33.072916667 %
2.2518470287323     ,33.125000000 %
2.2567410469055176  ,33.177083333 %
2.2615180015563965  ,33.229166667 %
2.266369104385376   ,33.281250000 %
2.271221876144409   ,33.333333333 %
2.2758922576904297  ,33.385416667 %
2.2808339595794678  ,33.437500000 %
2.2854859828948975  ,33.489583333 %
2.290191173553467   ,33.541666667 %
2.2951221466064453  ,33.593750000 %
2.300558090209961   ,33.645833333 %
2.3058531284332275  ,33.697916667 %
2.3116111755371094  ,33.750000000 %
2.3174691200256348  ,33.802083333 %
2.3224611282348633  ,33.854166667 %
2.3277440071105957  ,33.906250000 %
2.3330600261688232  ,33.958333333 %
2.3378560543060303  ,34.010416667 %
2.342895030975342   ,34.062500000 %
2.3479840755462646  ,34.114583333 %
2.352846145629883   ,34.166666667 %
2.3583741188049316  ,34.218750000 %
2.364124059677124   ,34.270833333 %
2.3695552349090576  ,34.322916667 %
2.375343084335327   ,34.375000000 %
2.3805811405181885  ,34.427083333 %
2.385880947113037   ,34.479166667 %
2.3911499977111816  ,34.531250000 %
2.3962302207946777  ,34.583333333 %
2.4012672901153564  ,34.635416667 %
2.406313896179199   ,34.687500000 %
2.4113850593566895  ,34.739583333 %
2.416501998901367   ,34.791666667 %
2.4231090545654297  ,34.843750000 %
2.429018020629883   ,34.895833333 %
2.4355602264404297  ,34.947916667 %
2.4412362575531006  ,35.000000000 %
2.4469962120056152  ,35.052083333 %
2.452498197555542   ,35.104166667 %
2.4577419757843018  ,35.156250000 %
2.463042974472046   ,35.208333333 %
2.4687771797180176  ,35.260416667 %
2.47406005859375    ,35.312500000 %
2.480478286743164   ,35.364583333 %
2.486804246902466   ,35.416666667 %
2.4931859970092773  ,35.468750000 %
2.4991750717163086  ,35.520833333 %
2.5048561096191406  ,35.572916667 %
2.510374069213867   ,35.625000000 %
2.5159499645233154  ,35.677083333 %
2.5212042331695557  ,35.729166667 %
2.5263941287994385  ,35.781250000 %
2.5319762229919434  ,35.833333333 %
2.5375962257385254  ,35.885416667 %
2.5440850257873535  ,35.937500000 %
2.550183057785034   ,35.989583333 %
2.556061267852783   ,36.041666667 %
2.5616660118103027  ,36.093750000 %
2.567427158355713   ,36.145833333 %
2.5730412006378174  ,36.197916667 %
2.578451156616211   ,36.250000000 %
2.5838000774383545  ,36.302083333 %
2.589008092880249   ,36.354166667 %
2.594219923019409   ,36.406250000 %
2.5998101234436035  ,36.458333333 %
2.606210947036743   ,36.510416667 %
2.6120681762695312  ,36.562500000 %
2.6180200576782227  ,36.614583333 %
2.6239259243011475  ,36.666666667 %
2.6296000480651855  ,36.718750000 %
2.6351430416107178  ,36.770833333 %
2.64035701751709    ,36.822916667 %
2.6455540657043457  ,36.875000000 %
2.6507859230041504  ,36.927083333 %
2.6560251712799072  ,36.979166667 %
2.6619791984558105  ,37.031250000 %
2.668450117111206   ,37.083333333 %
2.6743268966674805  ,37.135416667 %
2.6803739070892334  ,37.187500000 %
2.6861300468444824  ,37.239583333 %
2.6917219161987305  ,37.291666667 %
2.697193145751953   ,37.343750000 %
2.7027220726013184  ,37.395833333 %
2.7079579830169678  ,37.447916667 %
2.7140421867370605  ,37.500000000 %
2.719870090484619   ,37.552083333 %
2.726161241531372   ,37.604166667 %
2.7321979999542236  ,37.656250000 %
2.738232135772705   ,37.708333333 %
2.7440319061279297  ,37.760416667 %
2.749735116958618   ,37.812500000 %
2.7556309700012207  ,37.864583333 %
2.7614171504974365  ,37.916666667 %
2.7671501636505127  ,37.968750000 %
2.7725679874420166  ,38.020833333 %
2.77848219871521    ,38.072916667 %
2.7840640544891357  ,38.125000000 %
2.7901532649993896  ,38.177083333 %
2.7964651584625244  ,38.229166667 %
2.802582025527954   ,38.281250000 %
2.8086841106414795  ,38.333333333 %
2.814455986022949   ,38.385416667 %
2.820136070251465   ,38.437500000 %
2.8257250785827637  ,38.489583333 %
2.831292152404785   ,38.541666667 %
2.8367960453033447  ,38.593750000 %
2.842341184616089   ,38.645833333 %
2.8482038974761963  ,38.697916667 %
2.8549611568450928  ,38.750000000 %
2.861279010772705   ,38.802083333 %
2.8674399852752686  ,38.854166667 %
2.8735289573669434  ,38.906250000 %
2.8793089389801025  ,38.958333333 %
2.8856091499328613  ,39.010416667 %
2.8913609981536865  ,39.062500000 %
2.8973560333251953  ,39.114583333 %
2.902992010116577   ,39.166666667 %
2.909034013748169   ,39.218750000 %
2.9154441356658936  ,39.270833333 %
2.9231679439544678  ,39.322916667 %
2.9335150718688965  ,39.375000000 %
2.9419751167297363  ,39.427083333 %
2.948462963104248   ,39.479166667 %
2.9549810886383057  ,39.531250000 %
2.9611010551452637  ,39.583333333 %
2.9676690101623535  ,39.635416667 %
2.9735970497131348  ,39.687500000 %
2.9795639514923096  ,39.739583333 %
2.985668182373047   ,39.791666667 %
2.991456985473633   ,39.843750000 %
2.9971790313720703  ,39.895833333 %
3.003469944000244   ,39.947916667 %
3.00927996635437    ,40.000000000 %
3.015101194381714   ,40.052083333 %
3.0211591720581055  ,40.104166667 %
3.0272910594940186  ,40.156250000 %
3.034342050552368   ,40.208333333 %
3.0401551723480225  ,40.260416667 %
3.0459492206573486  ,40.312500000 %
3.051819086074829   ,40.364583333 %
3.05765700340271    ,40.416666667 %
3.063632011413574   ,40.468750000 %
3.069491147994995   ,40.520833333 %
3.075198173522949   ,40.572916667 %
3.080833911895752   ,40.625000000 %
3.086463212966919   ,40.677083333 %
3.0926032066345215  ,40.729166667 %
3.098381996154785   ,40.781250000 %
3.104414224624634   ,40.833333333 %
3.1101741790771484  ,40.885416667 %
3.116347074508667   ,40.937500000 %
3.12272310256958    ,40.989583333 %
3.129181146621704   ,41.041666667 %
3.1352500915527344  ,41.093750000 %
3.1413049697875977  ,41.145833333 %
3.147449016571045   ,41.197916667 %
3.15364408493042    ,41.250000000 %
3.160094976425171   ,41.302083333 %
3.1663150787353516  ,41.354166667 %
3.172308921813965   ,41.406250000 %
3.1784181594848633  ,41.458333333 %
3.1845860481262207  ,41.510416667 %
3.1907870769500732  ,41.562500000 %
3.1969780921936035  ,41.614583333 %
3.203094005584717   ,41.666666667 %
3.209022283554077   ,41.718750000 %
3.215096950531006   ,41.770833333 %
3.221112012863159   ,41.822916667 %
3.227236032485962   ,41.875000000 %
3.233309268951416   ,41.927083333 %
3.2393431663513184  ,41.979166667 %
3.2453770637512207  ,42.031250000 %
3.2514090538024902  ,42.083333333 %
3.257719039916992   ,42.135416667 %
3.263875961303711   ,42.187500000 %
3.2700068950653076  ,42.239583333 %
3.276165008544922   ,42.291666667 %
3.282194137573242   ,42.343750000 %
3.2883729934692383  ,42.395833333 %
3.294484853744507   ,42.447916667 %
3.301119089126587   ,42.500000000 %
3.30745530128479    ,42.552083333 %
3.3141579627990723  ,42.604166667 %
3.3204240798950195  ,42.656250000 %
3.3274872303009033  ,42.708333333 %
3.3345189094543457  ,42.760416667 %
3.341182231903076   ,42.812500000 %
3.347799062728882   ,42.864583333 %
3.354551076889038   ,42.916666667 %
3.361072063446045   ,42.968750000 %
3.3679468631744385  ,43.020833333 %
3.37444806098938    ,43.072916667 %
3.3814640045166016  ,43.125000000 %
3.387928009033203   ,43.177083333 %
3.3946340084075928  ,43.229166667 %
3.4014132022857666  ,43.281250000 %
3.4080801010131836  ,43.333333333 %
3.4146840572357178  ,43.385416667 %
3.4212698936462402  ,43.437500000 %
3.42793607711792    ,43.489583333 %
3.43487811088562    ,43.541666667 %
3.4415762424468994  ,43.593750000 %
3.4485020637512207  ,43.645833333 %
3.4553120136260986  ,43.697916667 %
3.4622089862823486  ,43.750000000 %
3.4689252376556396  ,43.802083333 %
3.4755191802978516  ,43.854166667 %
3.4821290969848633  ,43.906250000 %
3.4887421131134033  ,43.958333333 %
3.4953219890594482  ,44.010416667 %
3.5024590492248535  ,44.062500000 %
3.5094029903411865  ,44.114583333 %
3.516261100769043   ,44.166666667 %
3.5229549407958984  ,44.218750000 %
3.5302839279174805  ,44.270833333 %
3.5376319885253906  ,44.322916667 %
3.5446200370788574  ,44.375000000 %
3.5518651008605957  ,44.427083333 %
3.558803081512451   ,44.479166667 %
3.566261053085327   ,44.531250000 %
3.573643922805786   ,44.583333333 %
3.580656051635742   ,44.635416667 %
3.5876059532165527  ,44.687500000 %
3.5944180488586426  ,44.739583333 %
3.6017582416534424  ,44.791666667 %
3.608666181564331   ,44.843750000 %
3.615662097930908   ,44.895833333 %
3.6226229667663574  ,44.947916667 %
3.6296579837799072  ,45.000000000 %
3.6365349292755127  ,45.052083333 %
3.6441409587860107  ,45.104166667 %
3.6509969234466553  ,45.156250000 %
3.657942056655884   ,45.208333333 %
3.665095090866089   ,45.260416667 %
3.6720330715179443  ,45.312500000 %
3.6791789531707764  ,45.364583333 %
3.6863181591033936  ,45.416666667 %
3.6934802532196045  ,45.468750000 %
3.7007100582122803  ,45.520833333 %
3.7080869674682617  ,45.572916667 %
3.7159290313720703  ,45.625000000 %
3.7237560749053955  ,45.677083333 %
3.731110095977783   ,45.729166667 %
3.7384281158447266  ,45.781250000 %
3.745871067047119   ,45.833333333 %
3.753727912902832   ,45.885416667 %
3.7616381645202637  ,45.937500000 %
3.769167184829712   ,45.989583333 %
3.7768161296844482  ,46.041666667 %
3.7844741344451904  ,46.093750000 %
3.7920761108398438  ,46.145833333 %
3.7999391555786133  ,46.197916667 %
3.807337999343872   ,46.250000000 %
3.8153440952301025  ,46.302083333 %
3.8232779502868652  ,46.354166667 %
3.830923080444336   ,46.406250000 %
3.8384649753570557  ,46.458333333 %
3.846086025238037   ,46.510416667 %
3.8534750938415527  ,46.562500000 %
3.860929012298584   ,46.614583333 %
3.868417978286743   ,46.666666667 %
3.876244306564331   ,46.718750000 %
3.8836562633514404  ,46.770833333 %
3.890937089920044   ,46.822916667 %
3.89821720123291    ,46.875000000 %
3.905226945877075   ,46.927083333 %
3.912208080291748   ,46.979166667 %
3.9195690155029297  ,47.031250000 %
3.9276132583618164  ,47.083333333 %
3.93522310256958    ,47.135416667 %
3.942406177520752   ,47.187500000 %
3.950160026550293   ,47.239583333 %
3.9575459957122803  ,47.291666667 %
3.96498703956604    ,47.343750000 %
3.9721269607543945  ,47.395833333 %
3.9795451164245605  ,47.447916667 %
3.9869439601898193  ,47.500000000 %
3.9940781593322754  ,47.552083333 %
4.001780986785889   ,47.604166667 %
4.00898289680481    ,47.656250000 %
4.01618504524231    ,47.708333333 %
4.0234479904174805  ,47.760416667 %
4.030922889709473   ,47.812500000 %
4.037898063659668   ,47.864583333 %
4.044915199279785   ,47.916666667 %
4.052984952926636   ,47.968750000 %
4.061255216598511   ,48.020833333 %
4.068608999252319   ,48.072916667 %
4.0758068561553955  ,48.125000000 %
4.083287000656128   ,48.177083333 %
4.090343236923218   ,48.229166667 %
4.097361087799072   ,48.281250000 %
4.104375123977661   ,48.333333333 %
4.1116719245910645  ,48.385416667 %
4.119071960449219   ,48.437500000 %
4.126399278640747   ,48.489583333 %
4.134453058242798   ,48.541666667 %
4.142081022262573   ,48.593750000 %
4.1493730545043945  ,48.645833333 %
4.156641960144043   ,48.697916667 %
4.164386034011841   ,48.750000000 %
4.171814203262329   ,48.802083333 %
4.179272174835205   ,48.854166667 %
4.186504125595093   ,48.906250000 %
4.193916082382202   ,48.958333333 %
4.201147079467773   ,49.010416667 %
4.208367109298706   ,49.062500000 %
4.2159342765808105  ,49.114583333 %
4.222971200942993   ,49.166666667 %
4.230277061462402   ,49.218750000 %
4.2375171184539795  ,49.270833333 %
4.2448201179504395  ,49.322916667 %
4.251764297485352   ,49.375000000 %
4.259115934371948   ,49.427083333 %
4.2669501304626465  ,49.479166667 %
4.273959159851074   ,49.531250000 %
4.280941009521484   ,49.583333333 %
4.288137197494507   ,49.635416667 %
4.295447111129761   ,49.687500000 %
4.302749156951904   ,49.739583333 %
4.310142278671265   ,49.791666667 %
4.317762136459351   ,49.843750000 %
4.325287103652954   ,49.895833333 %
4.332785129547119   ,49.947916667 %
4.340433120727539   ,50.000000000 %
4.347875118255615   ,50.052083333 %
4.354833126068115   ,50.104166667 %
4.362451076507568   ,50.156250000 %
4.369992256164551   ,50.208333333 %
4.377442121505737   ,50.260416667 %
4.384980201721191   ,50.312500000 %
4.392305135726929   ,50.364583333 %
4.399845123291016   ,50.416666667 %
4.406972169876099   ,50.468750000 %
4.414342164993286   ,50.520833333 %
4.421651124954224   ,50.572916667 %
4.4288010597229     ,50.625000000 %
4.4363391399383545  ,50.677083333 %
4.443819046020508   ,50.729166667 %
4.451259136199951   ,50.781250000 %
4.458389043807983   ,50.833333333 %
4.465500116348267   ,50.885416667 %
4.472832918167114   ,50.937500000 %
4.480152130126953   ,50.989583333 %
4.487590074539185   ,51.041666667 %
4.494997978210449   ,51.093750000 %
4.501988172531128   ,51.145833333 %
4.5092480182647705  ,51.197916667 %
4.51656699180603    ,51.250000000 %
4.523680925369263   ,51.302083333 %
4.531095027923584   ,51.354166667 %
4.5390119552612305  ,51.406250000 %
4.546545028686523   ,51.458333333 %
4.554060935974121   ,51.510416667 %
4.561304092407227   ,51.562500000 %
4.569237947463989   ,51.614583333 %
4.576233148574829   ,51.666666667 %
4.583913087844849   ,51.718750000 %
4.591111183166504   ,51.770833333 %
4.598429203033447   ,51.822916667 %
4.605631113052368   ,51.875000000 %
4.612818241119385   ,51.927083333 %
4.620672941207886   ,51.979166667 %
4.627838134765625   ,52.031250000 %
4.634973049163818   ,52.083333333 %
4.642575025558472   ,52.135416667 %
4.6497461795806885  ,52.187500000 %
4.656857967376709   ,52.239583333 %
4.664211273193359   ,52.291666667 %
4.67133903503418    ,52.343750000 %
4.6787109375        ,52.395833333 %
4.685851097106934   ,52.447916667 %
4.69286322593689    ,52.500000000 %
4.6998372077941895  ,52.552083333 %
4.707280158996582   ,52.604166667 %
4.7145490646362305  ,52.656250000 %
4.722267150878906   ,52.708333333 %
4.73008918762207    ,52.760416667 %
4.7371649742126465  ,52.812500000 %
4.7446019649505615  ,52.864583333 %
4.75250506401062    ,52.916666667 %
4.760478258132935   ,52.968750000 %
4.767803192138672   ,53.020833333 %
4.775231122970581   ,53.072916667 %
4.782732009887695   ,53.125000000 %
4.7908689975738525  ,53.177083333 %
4.798363208770752   ,53.229166667 %
4.805738925933838   ,53.281250000 %
4.813671112060547   ,53.333333333 %
4.820978164672852   ,53.385416667 %
4.828547954559326   ,53.437500000 %
4.836148262023926   ,53.489583333 %
4.8440141677856445  ,53.541666667 %
4.8523712158203125  ,53.593750000 %
4.859884023666382   ,53.645833333 %
4.8674280643463135  ,53.697916667 %
4.874889850616455   ,53.750000000 %
4.882548093795776   ,53.802083333 %
4.889973878860474   ,53.854166667 %
4.897356033325195   ,53.906250000 %
4.904616117477417   ,53.958333333 %
4.9117748737335205  ,54.010416667 %
4.919144153594971   ,54.062500000 %
4.926663160324097   ,54.114583333 %
4.934003114700317   ,54.166666667 %
4.94176721572876    ,54.218750000 %
4.949359178543091   ,54.270833333 %
4.95684289932251    ,54.322916667 %
4.9649951457977295  ,54.375000000 %
4.972685098648071   ,54.427083333 %
4.980220079421997   ,54.479166667 %
4.987560272216797   ,54.531250000 %
4.995504140853882   ,54.583333333 %
5.002942085266113   ,54.635416667 %
5.010115146636963   ,54.687500000 %
5.017711162567139   ,54.739583333 %
5.024884939193726   ,54.791666667 %
5.032206058502197   ,54.843750000 %
5.039535999298096   ,54.895833333 %
5.046839952468872   ,54.947916667 %
5.05414605140686    ,55.000000000 %
5.061716079711914   ,55.052083333 %
5.070597171783447   ,55.104166667 %
5.079322099685669   ,55.156250000 %
5.086709976196289   ,55.208333333 %
5.093999147415161   ,55.260416667 %
5.101179122924805   ,55.312500000 %
5.1080241203308105  ,55.364583333 %
5.115293264389038   ,55.416666667 %
5.122153282165527   ,55.468750000 %
5.129001140594482   ,55.520833333 %
5.1359241008758545  ,55.572916667 %
5.142760276794434   ,55.625000000 %
5.149981260299683   ,55.677083333 %
5.156933069229126   ,55.729166667 %
5.163593292236328   ,55.781250000 %
5.170372009277344   ,55.833333333 %
5.177980184555054   ,55.885416667 %
5.185399055480957   ,55.937500000 %
5.192124128341675   ,55.989583333 %
5.199347257614136   ,56.041666667 %
5.206444025039673   ,56.093750000 %
5.213918209075928   ,56.145833333 %
5.220954179763794   ,56.197916667 %
5.228016138076782   ,56.250000000 %
5.2352821826934814  ,56.302083333 %
5.242486000061035   ,56.354166667 %
5.249593019485474   ,56.406250000 %
5.256517171859741   ,56.458333333 %
5.263977289199829   ,56.510416667 %
5.270825147628784   ,56.562500000 %
5.277729034423828   ,56.614583333 %
5.284658193588257   ,56.666666667 %
5.291206121444702   ,56.718750000 %
5.298059940338135   ,56.770833333 %
5.304866075515747   ,56.822916667 %
5.3113930225372314  ,56.875000000 %
5.318076133728027   ,56.927083333 %
5.325268268585205   ,56.979166667 %
5.332488059997559   ,57.031250000 %
5.338977098464966   ,57.083333333 %
5.3455810546875     ,57.135416667 %
5.352264165878296   ,57.187500000 %
5.358749151229858   ,57.239583333 %
5.365096092224121   ,57.291666667 %
5.37137508392334    ,57.343750000 %
5.377737998962402   ,57.395833333 %
5.385055065155029   ,57.447916667 %
5.3918702602386475  ,57.500000000 %
5.39840292930603    ,57.552083333 %
5.404580116271973   ,57.604166667 %
5.411145925521851   ,57.656250000 %
5.417664051055908   ,57.708333333 %
5.424015998840332   ,57.760416667 %
5.430305004119873   ,57.812500000 %
5.436890125274658   ,57.864583333 %
5.443057060241699   ,57.916666667 %
5.449645042419434   ,57.968750000 %
5.455759048461914   ,58.020833333 %
5.461992263793945   ,58.072916667 %
5.4682230949401855  ,58.125000000 %
5.474516153335571   ,58.177083333 %
5.480802059173584   ,58.229166667 %
5.486868858337402   ,58.281250000 %
5.4928131103515625  ,58.333333333 %
5.499256134033203   ,58.385416667 %
5.505364179611206   ,58.437500000 %
5.51157021522522    ,58.489583333 %
5.517470836639404   ,58.541666667 %
5.523175239562988   ,58.593750000 %
5.52891206741333    ,58.645833333 %
5.534832000732422   ,58.697916667 %
5.5410239696502686  ,58.750000000 %
5.54685115814209    ,58.802083333 %
5.552474021911621   ,58.854166667 %
5.558106184005737   ,58.906250000 %
5.56378698348999    ,58.958333333 %
5.569915056228638   ,59.010416667 %
5.57600212097168    ,59.062500000 %
5.582099199295044   ,59.114583333 %
5.588037014007568   ,59.166666667 %
5.593941926956177   ,59.218750000 %
5.60044527053833    ,59.270833333 %
5.606889247894287   ,59.322916667 %
5.613134145736694   ,59.375000000 %
5.61895489692688    ,59.427083333 %
5.624824047088623   ,59.479166667 %
5.630778074264526   ,59.531250000 %
5.636703014373779   ,59.583333333 %
5.642845153808594   ,59.635416667 %
5.64903998374939    ,59.687500000 %
5.654771089553833   ,59.739583333 %
5.660459995269775   ,59.791666667 %
5.666305065155029   ,59.843750000 %
5.6722190380096436  ,59.895833333 %
5.677818059921265   ,59.947916667 %
5.683470010757446   ,60.000000000 %
5.689320087432861   ,60.052083333 %
5.695127010345459   ,60.104166667 %
5.701317071914673   ,60.156250000 %
5.70745587348938    ,60.208333333 %
5.7135961055755615  ,60.260416667 %
5.7194530963897705  ,60.312500000 %
5.725257873535156   ,60.364583333 %
5.731020927429199   ,60.416666667 %
5.7369420528411865  ,60.468750000 %
5.742666959762573   ,60.520833333 %
5.7482640743255615  ,60.572916667 %
5.754057884216309   ,60.625000000 %
5.76036810874939    ,60.677083333 %
5.765928268432617   ,60.729166667 %
5.771536111831665   ,60.781250000 %
5.777420997619629   ,60.833333333 %
5.783059120178223   ,60.885416667 %
5.788528203964233   ,60.937500000 %
5.794004917144775   ,60.989583333 %
5.800059080123901   ,61.041666667 %
5.806396245956421   ,61.093750000 %
5.812668085098267   ,61.145833333 %
5.818177938461304   ,61.197916667 %
5.823655128479004   ,61.250000000 %
5.829387903213501   ,61.302083333 %
5.835129022598267   ,61.354166667 %
5.840980291366577   ,61.406250000 %
5.846571922302246   ,61.458333333 %
5.852114200592041   ,61.510416667 %
5.857623100280762   ,61.562500000 %
5.863315105438232   ,61.614583333 %
5.86863899230957    ,61.666666667 %
5.87395715713501    ,61.718750000 %
5.87942910194397    ,61.770833333 %
5.884868144989014   ,61.822916667 %
5.890437126159668   ,61.875000000 %
5.895960092544556   ,61.927083333 %
5.9015491008758545  ,61.979166667 %
5.906774997711182   ,62.031250000 %
5.91204309463501    ,62.083333333 %
5.917520046234131   ,62.135416667 %
5.922800064086914   ,62.187500000 %
5.928096055984497   ,62.239583333 %
5.933232069015503   ,62.291666667 %
5.938915967941284   ,62.343750000 %
5.944263219833374   ,62.395833333 %
5.949433088302612   ,62.447916667 %
5.954440116882324   ,62.500000000 %
5.95937705039978    ,62.552083333 %
5.964431047439575   ,62.604166667 %
5.969516038894653   ,62.656250000 %
5.974927186965942   ,62.708333333 %
5.980034112930298   ,62.760416667 %
5.985100030899048   ,62.812500000 %
5.99007511138916    ,62.864583333 %
5.995748996734619   ,62.916666667 %
6.001300096511841   ,62.968750000 %
6.006340980529785   ,63.020833333 %
6.0120460987091064  ,63.072916667 %
6.017465114593506   ,63.125000000 %
6.023168087005615   ,63.177083333 %
6.0283801555633545  ,63.229166667 %
6.033874034881592   ,63.281250000 %
6.039062023162842   ,63.333333333 %
6.044766902923584   ,63.385416667 %
6.05000114440918    ,63.437500000 %
6.055138111114502   ,63.489583333 %
6.060636043548584   ,63.541666667 %
6.0662031173706055  ,63.593750000 %
6.071551084518433   ,63.645833333 %
6.076832056045532   ,63.697916667 %
6.0823400020599365  ,63.750000000 %
6.087404012680054   ,63.802083333 %
6.09246826171875    ,63.854166667 %
6.097950220108032   ,63.906250000 %
6.1031458377838135  ,63.958333333 %
6.108844995498657   ,64.010416667 %
6.114228963851929   ,64.062500000 %
6.119431257247925   ,64.114583333 %
6.124530076980591   ,64.166666667 %
6.129968166351318   ,64.218750000 %
6.135166168212891   ,64.270833333 %
6.140726089477539   ,64.322916667 %
6.146128177642822   ,64.375000000 %
6.151363134384155   ,64.427083333 %
6.156499147415161   ,64.479166667 %
6.1616129875183105  ,64.531250000 %
6.166729927062988   ,64.583333333 %
6.172089099884033   ,64.635416667 %
6.1771440505981445  ,64.687500000 %
6.182068109512329   ,64.739583333 %
6.186990022659302   ,64.791666667 %
6.19225001335144    ,64.843750000 %
6.197372198104858   ,64.895833333 %
6.202452898025513   ,64.947916667 %
6.2074830532073975  ,65.000000000 %
6.212752103805542   ,65.052083333 %
6.218039035797119   ,65.104166667 %
6.222994089126587   ,65.156250000 %
6.228361129760742   ,65.208333333 %
6.233803987503052   ,65.260416667 %
6.239080190658569   ,65.312500000 %
6.244212865829468   ,65.364583333 %
6.249526023864746   ,65.416666667 %
6.254570960998535   ,65.468750000 %
6.259719133377075   ,65.520833333 %
6.265129089355469   ,65.572916667 %
6.270196914672852   ,65.625000000 %
6.275175094604492   ,65.677083333 %
6.280246019363403   ,65.729166667 %
6.28525710105896    ,65.781250000 %
6.290205240249634   ,65.833333333 %
6.295025110244751   ,65.885416667 %
6.300020217895508   ,65.937500000 %
6.304703235626221   ,65.989583333 %
6.309606075286865   ,66.041666667 %
6.314690113067627   ,66.093750000 %
6.3194191455841064  ,66.145833333 %
6.324137210845947   ,66.197916667 %
6.3287742137908936  ,66.250000000 %
6.333566188812256   ,66.302083333 %
6.338222026824951   ,66.354166667 %
6.342679977416992   ,66.406250000 %
6.347079038619995   ,66.458333333 %
6.351511001586914   ,66.510416667 %
6.356358051300049   ,66.562500000 %
6.3611180782318115  ,66.614583333 %
6.365716934204102   ,66.666666667 %
6.370103120803833   ,66.718750000 %
6.37449312210083    ,66.770833333 %
6.378963232040405   ,66.822916667 %
6.383408069610596   ,66.875000000 %
6.3883161544799805  ,66.927083333 %
6.392714023590088   ,66.979166667 %
6.3970911502838135  ,67.031250000 %
6.40142297744751    ,67.083333333 %
6.405750036239624   ,67.135416667 %
6.41018009185791    ,67.187500000 %
6.4145801067352295  ,67.239583333 %
6.418927192687988   ,67.291666667 %
6.423866033554077   ,67.343750000 %
6.429114103317261   ,67.395833333 %
6.433545112609863   ,67.447916667 %
6.4382922649383545  ,67.500000000 %
6.44293212890625    ,67.552083333 %
6.44779109954834    ,67.604166667 %
6.452758073806763   ,67.656250000 %
6.457229137420654   ,67.708333333 %
6.461958169937134   ,67.760416667 %
6.466603994369507   ,67.812500000 %
6.471357107162476   ,67.864583333 %
6.4758830070495605  ,67.916666667 %
6.480652093887329   ,67.968750000 %
6.485326051712036   ,68.020833333 %
6.489930868148804   ,68.072916667 %
6.494438171386719   ,68.125000000 %
6.499444961547852   ,68.177083333 %
6.504261016845703   ,68.229166667 %
6.508912086486816   ,68.281250000 %
6.513887882232666   ,68.333333333 %
6.518665075302124   ,68.385416667 %
6.52347207069397    ,68.437500000 %
6.528155088424683   ,68.489583333 %
6.533046007156372   ,68.541666667 %
6.53770112991333    ,68.593750000 %
6.542364120483398   ,68.645833333 %
6.547286033630371   ,68.697916667 %
6.551775932312012   ,68.750000000 %
6.556281089782715   ,68.802083333 %
6.560842990875244   ,68.854166667 %
6.565423011779785   ,68.906250000 %
6.5700671672821045  ,68.958333333 %
6.574995279312134   ,69.010416667 %
6.579609155654907   ,69.062500000 %
6.584072113037109   ,69.114583333 %
6.588512897491455   ,69.166666667 %
6.5932981967926025  ,69.218750000 %
6.598116159439087   ,69.270833333 %
6.602930068969727   ,69.322916667 %
6.60758113861084    ,69.375000000 %
6.6121931076049805  ,69.427083333 %
6.616708040237427   ,69.479166667 %
6.6212310791015625  ,69.531250000 %
6.6261889934539795  ,69.583333333 %
6.630975961685181   ,69.635416667 %
6.635496139526367   ,69.687500000 %
6.6403491497039795  ,69.739583333 %
6.644970893859863   ,69.791666667 %
6.649767160415649   ,69.843750000 %
6.654519081115723   ,69.895833333 %
6.659088134765625   ,69.947916667 %
6.663939952850342   ,70.000000000 %
6.6685402393341064  ,70.052083333 %
6.673069953918457   ,70.104166667 %
6.677914142608643   ,70.156250000 %
6.682635068893433   ,70.208333333 %
6.687121152877808   ,70.260416667 %
6.691839218139648   ,70.312500000 %
6.6965250968933105  ,70.364583333 %
6.700907945632935   ,70.416666667 %
6.70541787147522    ,70.468750000 %
6.709748983383179   ,70.520833333 %
6.714431285858154   ,70.572916667 %
6.7187371253967285  ,70.625000000 %
6.7230141162872314  ,70.677083333 %
6.727309942245483   ,70.729166667 %
6.73176121711731    ,70.781250000 %
6.73592209815979    ,70.833333333 %
6.740063905715942   ,70.885416667 %
6.744155168533325   ,70.937500000 %
6.748318195343018   ,70.989583333 %
6.752438068389893   ,71.041666667 %
6.756701231002808   ,71.093750000 %
6.76115608215332    ,71.145833333 %
6.765607118606567   ,71.197916667 %
6.7696521282196045  ,71.250000000 %
6.773668050765991   ,71.302083333 %
6.777622938156128   ,71.354166667 %
6.781639099121094   ,71.406250000 %
6.785762071609497   ,71.458333333 %
6.789736270904541   ,71.510416667 %
6.793753147125244   ,71.562500000 %
6.797760009765625   ,71.614583333 %
6.801961183547974   ,71.666666667 %
6.805908918380737   ,71.718750000 %
6.809953927993774   ,71.770833333 %
6.813876152038574   ,71.822916667 %
6.817790269851685   ,71.875000000 %
6.821735143661499   ,71.927083333 %
6.825855255126953   ,71.979166667 %
6.83044695854187    ,72.031250000 %
6.834553003311157   ,72.083333333 %
6.838451147079468   ,72.135416667 %
6.842728137969971   ,72.187500000 %
6.8470399379730225  ,72.239583333 %
6.85131311416626    ,72.291666667 %
6.855439186096191   ,72.343750000 %
6.8593902587890625  ,72.395833333 %
6.863622188568115   ,72.447916667 %
6.867840051651001   ,72.500000000 %
6.871827125549316   ,72.552083333 %
6.875838279724121   ,72.604166667 %
6.880177021026611   ,72.656250000 %
6.884080171585083   ,72.708333333 %
6.887921094894409   ,72.760416667 %
6.892017126083374   ,72.812500000 %
6.895986080169678   ,72.864583333 %
6.899842977523804   ,72.916666667 %
6.903802156448364   ,72.968750000 %
6.907660961151123   ,73.020833333 %
6.911489009857178   ,73.072916667 %
6.915584087371826   ,73.125000000 %
6.9193620681762695  ,73.177083333 %
6.923182964324951   ,73.229166667 %
6.927775859832764   ,73.281250000 %
6.931828260421753   ,73.333333333 %
6.935535192489624   ,73.385416667 %
6.939306020736694   ,73.437500000 %
6.943251132965088   ,73.489583333 %
6.947218179702759   ,73.541666667 %
6.951045036315918   ,73.593750000 %
6.954815864562988   ,73.645833333 %
6.958644866943359   ,73.697916667 %
6.962427139282227   ,73.750000000 %
6.966375112533569   ,73.802083333 %
6.970149040222168   ,73.854166667 %
6.974109172821045   ,73.906250000 %
6.97795295715332    ,73.958333333 %
6.981774091720581   ,74.010416667 %
6.9855241775512695  ,74.062500000 %
6.989450931549072   ,74.114583333 %
6.9935688972473145  ,74.166666667 %
6.99760103225708    ,74.218750000 %
7.001404047012329   ,74.270833333 %
7.005134105682373   ,74.322916667 %
7.008794069290161   ,74.375000000 %
7.0126471519470215  ,74.427083333 %
7.0165159702301025  ,74.479166667 %
7.020570993423462   ,74.531250000 %
7.024186134338379   ,74.583333333 %
7.027894973754883   ,74.635416667 %
7.031706094741821   ,74.687500000 %
7.035741090774536   ,74.739583333 %
7.039703130722046   ,74.791666667 %
7.043398141860962   ,74.843750000 %
7.04752516746521    ,74.895833333 %
7.051290988922119   ,74.947916667 %
7.055006265640259   ,75.000000000 %
7.058916091918945   ,75.052083333 %
7.062727212905884   ,75.104166667 %
7.066577196121216   ,75.156250000 %
7.070689916610718   ,75.208333333 %
7.074693202972412   ,75.260416667 %
7.0784711837768555  ,75.312500000 %
7.08240818977356    ,75.364583333 %
7.0860981941223145  ,75.416666667 %
7.0897791385650635  ,75.468750000 %
7.093930006027222   ,75.520833333 %
7.097984075546265   ,75.572916667 %
7.10169792175293    ,75.625000000 %
7.105352163314819   ,75.677083333 %
7.109224081039429   ,75.729166667 %
7.113315105438232   ,75.781250000 %
7.117134094238281   ,75.833333333 %
7.1212499141693115  ,75.885416667 %
7.124958276748657   ,75.937500000 %
7.128754138946533   ,75.989583333 %
7.132660865783691   ,76.041666667 %
7.1362879276275635  ,76.093750000 %
7.1402060985565186  ,76.145833333 %
7.143817186355591   ,76.197916667 %
7.1476781368255615  ,76.250000000 %
7.151515007019043   ,76.302083333 %
7.155096054077148   ,76.354166667 %
7.1587700843811035  ,76.406250000 %
7.162301063537598   ,76.458333333 %
7.166156053543091   ,76.510416667 %
7.170117139816284   ,76.562500000 %
7.174014091491699   ,76.614583333 %
7.1775290966033936  ,76.666666667 %
7.181119203567505   ,76.718750000 %
7.1847450733184814  ,76.770833333 %
7.188301086425781   ,76.822916667 %
7.191832065582275   ,76.875000000 %
7.195625305175781   ,76.927083333 %
7.199550151824951   ,76.979166667 %
7.203104019165039   ,77.031250000 %
7.2068541049957275  ,77.083333333 %
7.210519075393677   ,77.135416667 %
7.214264154434204   ,77.187500000 %
7.218092918395996   ,77.239583333 %
7.222166061401367   ,77.291666667 %
7.2261950969696045  ,77.343750000 %
7.230220079421997   ,77.395833333 %
7.234191179275513   ,77.447916667 %
7.238983154296875   ,77.500000000 %
7.242740154266357   ,77.552083333 %
7.247423887252808   ,77.604166667 %
7.252025127410889   ,77.656250000 %
7.256175994873047   ,77.708333333 %
7.260427951812744   ,77.760416667 %
7.264638185501099   ,77.812500000 %
7.268797159194946   ,77.864583333 %
7.272599935531616   ,77.916666667 %
7.276468992233276   ,77.968750000 %
7.2804789543151855  ,78.020833333 %
7.284297943115234   ,78.072916667 %
7.288296222686768   ,78.125000000 %
7.292340278625488   ,78.177083333 %
7.296465158462524   ,78.229166667 %
7.300398111343384   ,78.281250000 %
7.304301977157593   ,78.333333333 %
7.308133125305176   ,78.385416667 %
7.3124918937683105  ,78.437500000 %
7.316579103469849   ,78.489583333 %
7.32071328163147    ,78.541666667 %
7.324713230133057   ,78.593750000 %
7.328625202178955   ,78.645833333 %
7.332660913467407   ,78.697916667 %
7.336458921432495   ,78.750000000 %
7.340370178222656   ,78.802083333 %
7.344483137130737   ,78.854166667 %
7.348633050918579   ,78.906250000 %
7.352329969406128   ,78.958333333 %
7.356014966964722   ,79.010416667 %
7.359694004058838   ,79.062500000 %
7.363415002822876   ,79.114583333 %
7.367495059967041   ,79.166666667 %
7.371407985687256   ,79.218750000 %
7.375262975692749   ,79.270833333 %
7.378996849060059   ,79.322916667 %
7.382747173309326   ,79.375000000 %
7.387185096740723   ,79.427083333 %
7.391232967376709   ,79.479166667 %
7.395028114318848   ,79.531250000 %
7.398880958557129   ,79.583333333 %
7.402682065963745   ,79.635416667 %
7.406420946121216   ,79.687500000 %
7.410285949707031   ,79.739583333 %
7.414029121398926   ,79.791666667 %
7.417680025100708   ,79.843750000 %
7.4214372634887695  ,79.895833333 %
7.425161123275757   ,79.947916667 %
7.4287941455841064  ,80.000000000 %
7.432589054107666   ,80.052083333 %
7.436564922332764   ,80.104166667 %
7.44103217124939    ,80.156250000 %
7.445476055145264   ,80.208333333 %
7.44930100440979    ,80.260416667 %
7.453300952911377   ,80.312500000 %
7.457320213317871   ,80.364583333 %
7.4611029624938965  ,80.416666667 %
7.464798212051392   ,80.468750000 %
7.468852281570435   ,80.520833333 %
7.472785234451294   ,80.572916667 %
7.4763360023498535  ,80.625000000 %
7.480279922485352   ,80.677083333 %
7.483982086181641   ,80.729166667 %
7.487680912017822   ,80.781250000 %
7.491480112075806   ,80.833333333 %
7.495295286178589   ,80.885416667 %
7.499091148376465   ,80.937500000 %
7.502902984619141   ,80.989583333 %
7.506565093994141   ,81.041666667 %
7.510219097137451   ,81.093750000 %
7.514094114303589   ,81.145833333 %
7.518062114715576   ,81.197916667 %
7.521726131439209   ,81.250000000 %
7.525346994400024   ,81.302083333 %
7.5290961265563965  ,81.354166667 %
7.532949924468994   ,81.406250000 %
7.536515951156616   ,81.458333333 %
7.540101051330566   ,81.510416667 %
7.543763160705566   ,81.562500000 %
7.547405958175659   ,81.614583333 %
7.550894021987915   ,81.666666667 %
7.554316997528076   ,81.718750000 %
7.557743072509766   ,81.770833333 %
7.5611560344696045  ,81.822916667 %
7.564532279968262   ,81.875000000 %
7.56803822517395    ,81.927083333 %
7.5713911056518555  ,81.979166667 %
7.5746989250183105  ,82.031250000 %
7.578007936477661   ,82.083333333 %
7.5812599658966064  ,82.135416667 %
7.584490060806274   ,82.187500000 %
7.587804079055786   ,82.239583333 %
7.590970993041992   ,82.291666667 %
7.594213008880615   ,82.343750000 %
7.597385883331299   ,82.395833333 %
7.600656032562256   ,82.447916667 %
7.603755950927734   ,82.500000000 %
7.606847286224365   ,82.552083333 %
7.610088109970093   ,82.604166667 %
7.613147020339966   ,82.656250000 %
7.616222858428955   ,82.708333333 %
7.6192638874053955  ,82.760416667 %
7.622502088546753   ,82.812500000 %
7.62554407119751    ,82.864583333 %
7.628551244735718   ,82.916666667 %
7.631523132324219   ,82.968750000 %
7.634530067443848   ,83.020833333 %
7.637465000152588   ,83.072916667 %
7.640390157699585   ,83.125000000 %
7.643378257751465   ,83.177083333 %
7.64641809463501    ,83.229166667 %
7.649822235107422   ,83.281250000 %
7.6527321338653564  ,83.333333333 %
7.655592203140259   ,83.385416667 %
7.658524036407471   ,83.437500000 %
7.661853075027466   ,83.489583333 %
7.665194988250732   ,83.541666667 %
7.66812801361084    ,83.593750000 %
7.6711039543151855  ,83.645833333 %
7.674289226531982   ,83.697916667 %
7.677225112915039   ,83.750000000 %
7.68035101890564    ,83.802083333 %
7.683273077011108   ,83.854166667 %
7.686389923095703   ,83.906250000 %
7.689256191253662   ,83.958333333 %
7.692128896713257   ,84.010416667 %
7.695044040679932   ,84.062500000 %
7.698276042938232   ,84.114583333 %
7.701106071472168   ,84.166666667 %
7.703919172286987   ,84.218750000 %
7.706707239151001   ,84.270833333 %
7.709475994110107   ,84.322916667 %
7.712532997131348   ,84.375000000 %
7.715497255325317   ,84.427083333 %
7.718302249908447   ,84.479166667 %
7.721160173416138   ,84.531250000 %
7.723978042602539   ,84.583333333 %
7.726995229721069   ,84.635416667 %
7.730000019073486   ,84.687500000 %
7.732924222946167   ,84.739583333 %
7.735831022262573   ,84.791666667 %
7.738813161849976   ,84.843750000 %
7.741628170013428   ,84.895833333 %
7.744464159011841   ,84.947916667 %
7.747431039810181   ,85.000000000 %
7.750447988510132   ,85.052083333 %
7.7532572746276855  ,85.104166667 %
7.756047010421753   ,85.156250000 %
7.759205102920532   ,85.208333333 %
7.762028932571411   ,85.260416667 %
7.764776229858398   ,85.312500000 %
7.7674829959869385  ,85.364583333 %
7.770089864730835   ,85.416666667 %
7.7727882862091064  ,85.468750000 %
7.775484085083008   ,85.520833333 %
7.778114080429077   ,85.572916667 %
7.780754089355469   ,85.625000000 %
7.783360958099365   ,85.677083333 %
7.78601598739624    ,85.729166667 %
7.788698196411133   ,85.781250000 %
7.791369915008545   ,85.833333333 %
7.793902158737183   ,85.885416667 %
7.796450138092041   ,85.937500000 %
7.799034118652344   ,85.989583333 %
7.8015100955963135  ,86.041666667 %
7.804060220718384   ,86.093750000 %
7.806589126586914   ,86.145833333 %
7.8090980052948     ,86.197916667 %
7.8115880489349365  ,86.250000000 %
7.814121246337891   ,86.302083333 %
7.8166282176971436  ,86.354166667 %
7.819200038909912   ,86.406250000 %
7.82181715965271    ,86.458333333 %
7.824297904968262   ,86.510416667 %
7.826852083206177   ,86.562500000 %
7.829396963119507   ,86.614583333 %
7.832084894180298   ,86.666666667 %
7.83460807800293    ,86.718750000 %
7.83710503578186    ,86.770833333 %
7.839606046676636   ,86.822916667 %
7.842103958129883   ,86.875000000 %
7.8446362018585205  ,86.927083333 %
7.847175121307373   ,86.979166667 %
7.849653959274292   ,87.031250000 %
7.852212905883789   ,87.083333333 %
7.8548150062561035  ,87.135416667 %
7.857638120651245   ,87.187500000 %
7.860350131988525   ,87.239583333 %
7.863178014755249   ,87.291666667 %
7.865744113922119   ,87.343750000 %
7.868298053741455   ,87.395833333 %
7.871219158172607   ,87.447916667 %
7.873764991760254   ,87.500000000 %
7.876329183578491   ,87.552083333 %
7.8789660930633545  ,87.604166667 %
7.881993293762207   ,87.656250000 %
7.884549140930176   ,87.708333333 %
7.88716197013855    ,87.760416667 %
7.88971209526062    ,87.812500000 %
7.892380237579346   ,87.864583333 %
7.89509916305542    ,87.916666667 %
7.897865295410156   ,87.968750000 %
7.90043306350708    ,88.020833333 %
7.902984142303467   ,88.072916667 %
7.905574083328247   ,88.125000000 %
7.9082770347595215  ,88.177083333 %
7.910867214202881   ,88.229166667 %
7.913381099700928   ,88.281250000 %
7.9159440994262695  ,88.333333333 %
7.9185731410980225  ,88.385416667 %
7.921237945556641   ,88.437500000 %
7.923689842224121   ,88.489583333 %
7.926115989685059   ,88.541666667 %
7.928830146789551   ,88.593750000 %
7.931332111358643   ,88.645833333 %
7.934011220932007   ,88.697916667 %
7.936511993408203   ,88.750000000 %
7.939039945602417   ,88.802083333 %
7.941651105880737   ,88.854166667 %
7.944236993789673   ,88.906250000 %
7.947061061859131   ,88.958333333 %
7.949609994888306   ,89.010416667 %
7.95212197303772    ,89.062500000 %
7.954602003097534   ,89.114583333 %
7.95708703994751    ,89.166666667 %
7.959512948989868   ,89.218750000 %
7.9619481563568115  ,89.270833333 %
7.964407920837402   ,89.322916667 %
7.966770172119141   ,89.375000000 %
7.969215154647827   ,89.427083333 %
7.971567153930664   ,89.479166667 %
7.973919868469238   ,89.531250000 %
7.976330995559692   ,89.583333333 %
7.978682041168213   ,89.635416667 %
7.981076955795288   ,89.687500000 %
7.983593225479126   ,89.739583333 %
7.985961198806763   ,89.791666667 %
7.9884772300720215  ,89.843750000 %
7.990945100784302   ,89.895833333 %
7.993332862854004   ,89.947916667 %
7.995671033859253   ,90.000000000 %
7.998025178909302   ,90.052083333 %
8.000457286834717   ,90.104166667 %
8.002794027328491   ,90.156250000 %
8.005159139633179   ,90.208333333 %
8.00754189491272    ,90.260416667 %
8.00985598564148    ,90.312500000 %
8.012210130691528   ,90.364583333 %
8.014531135559082   ,90.416666667 %
8.016916990280151   ,90.468750000 %
8.0192711353302     ,90.520833333 %
8.021556854248047   ,90.572916667 %
8.023890256881714   ,90.625000000 %
8.026193141937256   ,90.677083333 %
8.02847409248352    ,90.729166667 %
8.030778169631958   ,90.781250000 %
8.033147096633911   ,90.833333333 %
8.035458087921143   ,90.885416667 %
8.037716150283813   ,90.937500000 %
8.040021896362305   ,90.989583333 %
8.042418241500854   ,91.041666667 %
8.044711112976074   ,91.093750000 %
8.047012090682983   ,91.145833333 %
8.049268245697021   ,91.197916667 %
8.051532983779907   ,91.250000000 %
8.053792953491211   ,91.302083333 %
8.05600619316101    ,91.354166667 %
8.058276176452637   ,91.406250000 %
8.060681104660034   ,91.458333333 %
8.063308954238892   ,91.510416667 %
8.065782070159912   ,91.562500000 %
8.06808590888977    ,91.614583333 %
8.07053518295288    ,91.666666667 %
8.072704076766968   ,91.718750000 %
8.075028896331787   ,91.770833333 %
8.077275037765503   ,91.822916667 %
8.07965612411499    ,91.875000000 %
8.081874132156372   ,91.927083333 %
8.084022998809814   ,91.979166667 %
8.08618688583374    ,92.031250000 %
8.088431119918823   ,92.083333333 %
8.090856075286865   ,92.135416667 %
8.093247175216675   ,92.187500000 %
8.095357179641724   ,92.239583333 %
8.097635984420776   ,92.291666667 %
8.099772214889526   ,92.343750000 %
8.10195803642273    ,92.395833333 %
8.104073286056519   ,92.447916667 %
8.106185913085938   ,92.500000000 %
8.10824203491211    ,92.552083333 %
8.110225200653076   ,92.604166667 %
8.112558126449585   ,92.656250000 %
8.114906072616577   ,92.708333333 %
8.117064237594604   ,92.760416667 %
8.119176149368286   ,92.812500000 %
8.121362209320068   ,92.864583333 %
8.123676061630249   ,92.916666667 %
8.12595510482788    ,92.968750000 %
8.128116130828857   ,93.020833333 %
8.130409955978394   ,93.072916667 %
8.132483959197998   ,93.125000000 %
8.134580135345459   ,93.177083333 %
8.136681079864502   ,93.229166667 %
8.138964176177979   ,93.281250000 %
8.141170263290405   ,93.333333333 %
8.143286943435669   ,93.385416667 %
8.14556097984314    ,93.437500000 %
8.14786410331726    ,93.489583333 %
8.150004863739014   ,93.541666667 %
8.15225100517273    ,93.593750000 %
8.15434217453003    ,93.645833333 %
8.156429052352905   ,93.697916667 %
8.158508062362671   ,93.750000000 %
8.160585880279541   ,93.802083333 %
8.16277003288269    ,93.854166667 %
8.165004968643188   ,93.906250000 %
8.167060136795044   ,93.958333333 %
8.16931700706482    ,94.010416667 %
8.171441078186035   ,94.062500000 %
8.17379093170166    ,94.114583333 %
8.176105260848999   ,94.166666667 %
8.178359985351562   ,94.218750000 %
8.180483102798462   ,94.270833333 %
8.182543992996216   ,94.322916667 %
8.184601068496704   ,94.375000000 %
8.186704158782959   ,94.427083333 %
8.18878722190857    ,94.479166667 %
8.190800189971924   ,94.531250000 %
8.192867040634155   ,94.583333333 %
8.19484806060791    ,94.635416667 %
8.196896076202393   ,94.687500000 %
8.198970079421997   ,94.739583333 %
8.201366901397705   ,94.791666667 %
8.20351505279541    ,94.843750000 %
8.205590009689331   ,94.895833333 %
8.207597017288208   ,94.947916667 %
8.209647178649902   ,95.000000000 %
8.211719036102295   ,95.052083333 %
8.213724136352539   ,95.104166667 %
8.216283082962036   ,95.156250000 %
8.218657970428467   ,95.208333333 %
8.220850229263306   ,95.260416667 %
8.22302508354187    ,95.312500000 %
8.225101947784424   ,95.364583333 %
8.227552890777588   ,95.416666667 %
8.229732990264893   ,95.468750000 %
8.231807231903076   ,95.520833333 %
8.233936071395874   ,95.572916667 %
8.236008167266846   ,95.625000000 %
8.238282918930054   ,95.677083333 %
8.240576982498169   ,95.729166667 %
8.242814064025879   ,95.781250000 %
8.245107173919678   ,95.833333333 %
8.247538089752197   ,95.885416667 %
8.249853134155273   ,95.937500000 %
8.25216817855835    ,95.989583333 %
8.254515171051025   ,96.041666667 %
8.256679058074951   ,96.093750000 %
8.258740901947021   ,96.145833333 %
8.26075005531311    ,96.197916667 %
8.262999057769775   ,96.250000000 %
8.265065908432007   ,96.302083333 %
8.26733112335205    ,96.354166667 %
8.269991159439087   ,96.406250000 %
8.272508144378662   ,96.458333333 %
8.274861097335815   ,96.510416667 %
8.276962041854858   ,96.562500000 %
8.279273271560669   ,96.614583333 %
8.281475067138672   ,96.666666667 %
8.283591032028198   ,96.718750000 %
8.28567385673523    ,96.770833333 %
8.287750005722046   ,96.822916667 %
8.289868116378784   ,96.875000000 %
8.292057991027832   ,96.927083333 %
8.29440712928772    ,96.979166667 %
8.296701192855835   ,97.031250000 %
8.298840045928955   ,97.083333333 %
8.301059007644653   ,97.135416667 %
8.303238153457642   ,97.187500000 %
8.305401086807251   ,97.239583333 %
8.307549238204956   ,97.291666667 %
8.309613943099976   ,97.343750000 %
8.31174111366272    ,97.395833333 %
8.314033031463623   ,97.447916667 %
8.316334962844849   ,97.500000000 %
8.318753004074097   ,97.552083333 %
8.3211669921875     ,97.604166667 %
8.323331117630005   ,97.656250000 %
8.32539701461792    ,97.708333333 %
8.327490091323853   ,97.760416667 %
8.329653024673462   ,97.812500000 %
8.332082033157349   ,97.864583333 %
8.334281921386719   ,97.916666667 %
8.336534976959229   ,97.968750000 %
8.338953256607056   ,98.020833333 %
8.341272115707397   ,98.072916667 %
8.34347414970398    ,98.125000000 %
8.345754146575928   ,98.177083333 %
8.347849130630493   ,98.229166667 %
8.349939107894897   ,98.281250000 %
8.35200309753418    ,98.333333333 %
8.354119062423706   ,98.385416667 %
8.356312990188599   ,98.437500000 %
8.35845398902893    ,98.489583333 %
8.360546112060547   ,98.541666667 %
8.362742900848389   ,98.593750000 %
8.364890098571777   ,98.645833333 %
8.36714792251587    ,98.697916667 %
8.369285106658936   ,98.750000000 %
8.371572971343994   ,98.802083333 %
8.37368106842041    ,98.854166667 %
8.37576413154602    ,98.906250000 %
8.377921104431152   ,98.958333333 %
8.380195140838623   ,99.010416667 %
8.382342100143433   ,99.062500000 %
8.384521245956421   ,99.114583333 %
8.386600255966187   ,99.166666667 %
8.38869595527649    ,99.218750000 %
8.39096999168396    ,99.270833333 %
8.393162965774536   ,99.322916667 %
8.395279169082642   ,99.375000000 %
8.397304058074951   ,99.427083333 %
8.399399042129517   ,99.479166667 %
8.401493072509766   ,99.531250000 %
8.403560161590576   ,99.583333333 %
8.40565013885498    ,99.635416667 %
8.407747983932495   ,99.687500000 %
8.409822225570679   ,99.739583333 %
8.411892890930176   ,99.791666667 %
8.413899898529053   ,99.843750000 %
8.416081190109253   ,99.895833333 %
8.418525218963623   ,99.947916667 %
8.866417169570923   ,100 %
